#
# There is insufficient memory for the Java Runtime Environment to continue.
# Native memory allocation (malloc) failed to allocate 2243536 bytes. Error detail: Chunk::new
# Possible reasons:
#   The system is out of physical RAM or swap space
#   This process is running with CompressedOops enabled, and the Java Heap may be blocking the growth of the native heap
# Possible solutions:
#   Reduce memory load on the system
#   Increase physical memory or swap space
#   Check if swap backing store is full
#   Decrease Java heap size (-Xmx/-Xms)
#   Decrease number of Java threads
#   Decrease Java thread stack sizes (-Xss)
#   Set larger code cache with -XX:ReservedCodeCacheSize=
#   JVM is running with Unscaled Compressed Oops mode in which the Java heap is
#     placed in the first 4GB address space. The Java Heap base address is the
#     maximum limit for the native heap growth. Please use -XX:HeapBaseMinAddress
#     to set the Java Heap base and to place the Java Heap above 4GB virtual address.
# This output file may be truncated or incomplete.
#
#  Out of Memory Error (arena.cpp:168), pid=19716, tid=6436
#
# JRE version: OpenJDK Runtime Environment (21.0.8) (build 21.0.8+-14196175-b1038.72)
# Java VM: OpenJDK 64-Bit Server VM (21.0.8+-14196175-b1038.72, mixed mode, tiered, compressed oops, compressed class ptrs, g1 gc, windows-amd64)
# No core dump will be written. Minidumps are not enabled by default on client versions of Windows
#

---------------  S U M M A R Y ------------

Command Line: --add-opens=java.base/java.util=ALL-UNNAMED --add-opens=java.base/java.lang=ALL-UNNAMED --add-opens=java.base/java.lang.invoke=ALL-UNNAMED --add-opens=java.prefs/java.util.prefs=ALL-UNNAMED --add-opens=java.base/java.nio.charset=ALL-UNNAMED --add-opens=java.base/java.net=ALL-UNNAMED --add-opens=java.base/java.util.concurrent.atomic=ALL-UNNAMED -Xmx2048m -Dfile.encoding=UTF-8 -Duser.country=BR -Duser.language=pt -Duser.variant -javaagent:C:\Users\Brendo\.gradle\wrapper\dists\gradle-8.6-bin\afr5mpiioh2wthjmwnkmdsd5w\gradle-8.6\lib\agents\gradle-instrumentation-agent-8.6.jar org.gradle.launcher.daemon.bootstrap.GradleDaemon 8.6

Host: 13th Gen Intel(R) Core(TM) i5-13420H, 12 cores, 4G,  Windows 11 , 64 bit Build 26100 (10.0.26100.8521)
Time: Mon Jun 22 19:34:08 2026 Hora oficial do Brasil elapsed time: 27.643997 seconds (0d 0h 0m 27s)

---------------  T H R E A D  ---------------

Current thread (0x00000183740b91b0):  JavaThread "C2 CompilerThread0" daemon [_thread_in_native, id=6436, stack(0x00000046ac400000,0x00000046ac500000) (1024K)]


Current CompileTask:
C2:27644 11137       4       org.gradle.internal.instantiation.generator.AbstractClassGenerator::inspectType (560 bytes)

Stack: [0x00000046ac400000,0x00000046ac500000]
Native frames: (J=compiled Java code, j=interpreted, Vv=VM code, C=native code)
V  [jvm.dll+0x6d68d9]
V  [jvm.dll+0x866693]
V  [jvm.dll+0x868c4e]
V  [jvm.dll+0x869333]
V  [jvm.dll+0x280566]
V  [jvm.dll+0xc07cd]
V  [jvm.dll+0xc0d03]
V  [jvm.dll+0x3b95e1]
V  [jvm.dll+0x385507]
V  [jvm.dll+0x38497a]
V  [jvm.dll+0x249252]
V  [jvm.dll+0x248821]
V  [jvm.dll+0x1c73a4]
V  [jvm.dll+0x257f9e]
V  [jvm.dll+0x2564e6]
V  [jvm.dll+0x3f4696]
V  [jvm.dll+0x80eac8]
V  [jvm.dll+0x6d512d]
C  [ucrtbase.dll+0x2cd30]
C  [KERNEL32.DLL+0x2e957]
C  [ntdll.dll+0x87c1c]


---------------  P R O C E S S  ---------------

Threads class SMR info:
_java_thread_list=0x000001837fa22c50, length=80, elements={
0x0000018355c25fa0, 0x00000183740849a0, 0x0000018374085800, 0x0000018374086dd0,
0x00000183740a3fb0, 0x00000183740a4a10, 0x00000183740a5fe0, 0x00000183740a75b0,
0x00000183740b91b0, 0x00000183740bacb0, 0x0000018374365dc0, 0x0000018375bf7100,
0x0000018375dc1200, 0x0000018375de9cb0, 0x0000018375e7e390, 0x0000018375e4ee50,
0x0000018375d01ec0, 0x000001837607c520, 0x0000018375fd1980, 0x0000018375fd26a0,
0x0000018375fd33c0, 0x0000018375fd2010, 0x0000018375fd2d30, 0x0000018375fd4e00,
0x0000018375fd3a50, 0x0000018375fd40e0, 0x00000183777af9c0, 0x00000183777adf80,
0x00000183777aeca0, 0x00000183777af330, 0x00000183777b0050, 0x00000183777b06e0,
0x00000183777ad260, 0x00000183777b0d70, 0x00000183777ad8f0, 0x00000183777b1400,
0x00000183777b1a90, 0x00000183777ae610, 0x00000183777b34d0, 0x00000183777b41f0,
0x00000183777b3b60, 0x00000183777b2120, 0x00000183777b27b0, 0x0000018377412c00,
0x0000018377414cd0, 0x0000018377411ee0, 0x0000018377413fb0, 0x0000018377412570,
0x00000183783c5b50, 0x00000183783c4110, 0x00000183783c3a80, 0x00000183783c47a0,
0x00000183783c61e0, 0x00000183783c54c0, 0x00000183783c7c20, 0x00000183783c8940,
0x00000183783c8fd0, 0x00000183783c6f00, 0x00000183783c9660, 0x00000183783c7590,
0x00000183783c9cf0, 0x00000183783ca380, 0x00000183773b1130, 0x00000183773afd80,
0x00000183773b0aa0, 0x00000183773af6f0, 0x00000183740bdc60, 0x0000018377413290,
0x00000183763d6ad0, 0x00000183763d5720, 0x00000183763d8510, 0x00000183763d77f0,
0x00000183763d9230, 0x00000183763d8ba0, 0x00000183763d5db0, 0x00000183763d6440,
0x00000183763d7e80, 0x00000183763d98c0, 0x00000183763d9f50, 0x00000183763da5e0
}

Java Threads: ( => current thread )
  0x0000018355c25fa0 JavaThread "main"                              [_thread_blocked, id=19108, stack(0x00000046ab500000,0x00000046ab600000) (1024K)]
  0x00000183740849a0 JavaThread "Common-Cleaner"             daemon [_thread_blocked, id=36020, stack(0x00000046abd00000,0x00000046abe00000) (1024K)]
  0x0000018374085800 JavaThread "Reference Handler"          daemon [_thread_blocked, id=4516, stack(0x00000046abe00000,0x00000046abf00000) (1024K)]
  0x0000018374086dd0 JavaThread "Finalizer"                  daemon [_thread_blocked, id=28756, stack(0x00000046abf00000,0x00000046ac000000) (1024K)]
  0x00000183740a3fb0 JavaThread "Signal Dispatcher"          daemon [_thread_blocked, id=17936, stack(0x00000046ac000000,0x00000046ac100000) (1024K)]
  0x00000183740a4a10 JavaThread "Attach Listener"            daemon [_thread_blocked, id=19772, stack(0x00000046ac100000,0x00000046ac200000) (1024K)]
  0x00000183740a5fe0 JavaThread "Service Thread"             daemon [_thread_blocked, id=34020, stack(0x00000046ac200000,0x00000046ac300000) (1024K)]
  0x00000183740a75b0 JavaThread "Monitor Deflation Thread"   daemon [_thread_blocked, id=35772, stack(0x00000046ac300000,0x00000046ac400000) (1024K)]
=>0x00000183740b91b0 JavaThread "C2 CompilerThread0"         daemon [_thread_in_native, id=6436, stack(0x00000046ac400000,0x00000046ac500000) (1024K)]
  0x00000183740bacb0 JavaThread "C1 CompilerThread0"         daemon [_thread_blocked, id=28664, stack(0x00000046ac500000,0x00000046ac600000) (1024K)]
  0x0000018374365dc0 JavaThread "Notification Thread"        daemon [_thread_blocked, id=34844, stack(0x00000046ac600000,0x00000046ac700000) (1024K)]
  0x0000018375bf7100 JavaThread "Daemon health stats"               [_thread_blocked, id=20552, stack(0x00000046acb00000,0x00000046acc00000) (1024K)]
  0x0000018375dc1200 JavaThread "Incoming local TCP Connector on port 55128"        [_thread_in_native, id=27832, stack(0x00000046acc00000,0x00000046acd00000) (1024K)]
  0x0000018375de9cb0 JavaThread "Daemon periodic checks"            [_thread_blocked, id=29936, stack(0x00000046acd00000,0x00000046ace00000) (1024K)]
  0x0000018375e7e390 JavaThread "Daemon"                            [_thread_blocked, id=32036, stack(0x00000046ace00000,0x00000046acf00000) (1024K)]
  0x0000018375e4ee50 JavaThread "Handler for socket connection from /127.0.0.1:55128 to /127.0.0.1:55129"        [_thread_in_native, id=35536, stack(0x00000046acf00000,0x00000046ad000000) (1024K)]
  0x0000018375d01ec0 JavaThread "Cancel handler"                    [_thread_blocked, id=36844, stack(0x00000046ad000000,0x00000046ad100000) (1024K)]
  0x000001837607c520 JavaThread "Daemon worker"                     [_thread_blocked, id=24676, stack(0x00000046ad100000,0x00000046ad200000) (1024K)]
  0x0000018375fd1980 JavaThread "Asynchronous log dispatcher for DefaultDaemonConnection: socket connection from /127.0.0.1:55128 to /127.0.0.1:55129"        [_thread_blocked, id=36492, stack(0x00000046ad200000,0x00000046ad300000) (1024K)]
  0x0000018375fd26a0 JavaThread "Stdin handler"                     [_thread_blocked, id=22036, stack(0x00000046ad300000,0x00000046ad400000) (1024K)]
  0x0000018375fd33c0 JavaThread "Daemon client event forwarder"        [_thread_blocked, id=36312, stack(0x00000046ad400000,0x00000046ad500000) (1024K)]
  0x0000018375fd2010 JavaThread "Cache worker for journal cache (C:\Users\Brendo\.gradle\caches\journal-1)"        [_thread_blocked, id=5280, stack(0x00000046adc00000,0x00000046add00000) (1024K)]
  0x0000018375fd2d30 JavaThread "File lock request listener"        [_thread_in_native, id=15228, stack(0x00000046add00000,0x00000046ade00000) (1024K)]
  0x0000018375fd4e00 JavaThread "Cache worker for file hash cache (C:\Users\Brendo\.gradle\caches\8.6\fileHashes)"        [_thread_blocked, id=30544, stack(0x00000046ade00000,0x00000046adf00000) (1024K)]
  0x0000018375fd3a50 JavaThread "File watcher server"        daemon [_thread_in_native, id=20708, stack(0x00000046adf00000,0x00000046ae000000) (1024K)]
  0x0000018375fd40e0 JavaThread "File watcher consumer"      daemon [_thread_blocked, id=34464, stack(0x00000046ae000000,0x00000046ae100000) (1024K)]
  0x00000183777af9c0 JavaThread "jar transforms"                    [_thread_blocked, id=20080, stack(0x00000046ae100000,0x00000046ae200000) (1024K)]
  0x00000183777adf80 JavaThread "jar transforms Thread 2"           [_thread_blocked, id=20300, stack(0x00000046ae200000,0x00000046ae300000) (1024K)]
  0x00000183777aeca0 JavaThread "jar transforms Thread 3"           [_thread_blocked, id=35924, stack(0x00000046ae300000,0x00000046ae400000) (1024K)]
  0x00000183777af330 JavaThread "jar transforms Thread 4"           [_thread_blocked, id=33812, stack(0x00000046ae400000,0x00000046ae500000) (1024K)]
  0x00000183777b0050 JavaThread "jar transforms Thread 5"           [_thread_blocked, id=35264, stack(0x00000046ae500000,0x00000046ae600000) (1024K)]
  0x00000183777b06e0 JavaThread "jar transforms Thread 6"           [_thread_blocked, id=34452, stack(0x00000046ae600000,0x00000046ae700000) (1024K)]
  0x00000183777ad260 JavaThread "jar transforms Thread 7"           [_thread_blocked, id=34036, stack(0x00000046ae700000,0x00000046ae800000) (1024K)]
  0x00000183777b0d70 JavaThread "jar transforms Thread 8"           [_thread_blocked, id=32960, stack(0x00000046ae800000,0x00000046ae900000) (1024K)]
  0x00000183777ad8f0 JavaThread "jar transforms Thread 9"           [_thread_blocked, id=36160, stack(0x00000046ae900000,0x00000046aea00000) (1024K)]
  0x00000183777b1400 JavaThread "jar transforms Thread 10"          [_thread_blocked, id=33348, stack(0x00000046aea00000,0x00000046aeb00000) (1024K)]
  0x00000183777b1a90 JavaThread "jar transforms Thread 11"          [_thread_blocked, id=21804, stack(0x00000046aeb00000,0x00000046aec00000) (1024K)]
  0x00000183777ae610 JavaThread "jar transforms Thread 12"          [_thread_blocked, id=35684, stack(0x00000046aec00000,0x00000046aed00000) (1024K)]
  0x00000183777b34d0 JavaThread "Cache worker for checksums cache (C:\Users\Brendo\AndroidStudioProjects\GeoMatchApp\.gradle\8.6\checksums)"        [_thread_blocked, id=8616, stack(0x00000046aed00000,0x00000046aee00000) (1024K)]
  0x00000183777b41f0 JavaThread "Cache worker for file hash cache (C:\Users\Brendo\AndroidStudioProjects\GeoMatchApp\.gradle\8.6\fileHashes)"        [_thread_blocked, id=35968, stack(0x00000046aee00000,0x00000046aef00000) (1024K)]
  0x00000183777b3b60 JavaThread "Cache worker for cache directory md-supplier (C:\Users\Brendo\.gradle\caches\8.6\md-supplier)"        [_thread_blocked, id=30972, stack(0x00000046aef00000,0x00000046af000000) (1024K)]
  0x00000183777b2120 JavaThread "Cache worker for cache directory md-rule (C:\Users\Brendo\.gradle\caches\8.6\md-rule)"        [_thread_blocked, id=36340, stack(0x00000046af000000,0x00000046af100000) (1024K)]
  0x00000183777b27b0 JavaThread "Cache worker for file content cache (C:\Users\Brendo\.gradle\caches\8.6\fileContent)"        [_thread_blocked, id=27960, stack(0x00000046af100000,0x00000046af200000) (1024K)]
  0x0000018377412c00 JavaThread "Unconstrained build operations"        [_thread_blocked, id=34588, stack(0x00000046af200000,0x00000046af300000) (1024K)]
  0x0000018377414cd0 JavaThread "Unconstrained build operations Thread 2"        [_thread_blocked, id=28848, stack(0x00000046af300000,0x00000046af400000) (1024K)]
  0x0000018377411ee0 JavaThread "Unconstrained build operations Thread 3"        [_thread_blocked, id=22856, stack(0x00000046af400000,0x00000046af500000) (1024K)]
  0x0000018377413fb0 JavaThread "Unconstrained build operations Thread 4"        [_thread_blocked, id=33312, stack(0x00000046af500000,0x00000046af600000) (1024K)]
  0x0000018377412570 JavaThread "Unconstrained build operations Thread 5"        [_thread_blocked, id=36468, stack(0x00000046af600000,0x00000046af700000) (1024K)]
  0x00000183783c5b50 JavaThread "Unconstrained build operations Thread 6"        [_thread_blocked, id=36948, stack(0x00000046af700000,0x00000046af800000) (1024K)]
  0x00000183783c4110 JavaThread "Unconstrained build operations Thread 7"        [_thread_blocked, id=31644, stack(0x00000046af800000,0x00000046af900000) (1024K)]
  0x00000183783c3a80 JavaThread "Unconstrained build operations Thread 8"        [_thread_blocked, id=19096, stack(0x00000046af900000,0x00000046afa00000) (1024K)]
  0x00000183783c47a0 JavaThread "Unconstrained build operations Thread 9"        [_thread_blocked, id=36204, stack(0x00000046afa00000,0x00000046afb00000) (1024K)]
  0x00000183783c61e0 JavaThread "Unconstrained build operations Thread 10"        [_thread_blocked, id=31344, stack(0x00000046afb00000,0x00000046afc00000) (1024K)]
  0x00000183783c54c0 JavaThread "Cache worker for Build Output Cleanup Cache (C:\Users\Brendo\AndroidStudioProjects\GeoMatchApp\.gradle\buildOutputCleanup)"        [_thread_blocked, id=36164, stack(0x00000046afc00000,0x00000046afd00000) (1024K)]
  0x00000183783c7c20 JavaThread "Unconstrained build operations Thread 11"        [_thread_blocked, id=20596, stack(0x00000046afe00000,0x00000046aff00000) (1024K)]
  0x00000183783c8940 JavaThread "Unconstrained build operations Thread 12"        [_thread_blocked, id=35808, stack(0x00000046aff00000,0x00000046b0000000) (1024K)]
  0x00000183783c8fd0 JavaThread "Unconstrained build operations Thread 13"        [_thread_blocked, id=10900, stack(0x00000046b0000000,0x00000046b0100000) (1024K)]
  0x00000183783c6f00 JavaThread "Unconstrained build operations Thread 14"        [_thread_blocked, id=28640, stack(0x00000046b0100000,0x00000046b0200000) (1024K)]
  0x00000183783c9660 JavaThread "Unconstrained build operations Thread 15"        [_thread_blocked, id=34992, stack(0x00000046b0200000,0x00000046b0300000) (1024K)]
  0x00000183783c7590 JavaThread "Unconstrained build operations Thread 16"        [_thread_blocked, id=13464, stack(0x00000046b0300000,0x00000046b0400000) (1024K)]
  0x00000183783c9cf0 JavaThread "Unconstrained build operations Thread 17"        [_thread_blocked, id=36784, stack(0x00000046b0400000,0x00000046b0500000) (1024K)]
  0x00000183783ca380 JavaThread "Unconstrained build operations Thread 18"        [_thread_blocked, id=18836, stack(0x00000046b0500000,0x00000046b0600000) (1024K)]
  0x00000183773b1130 JavaThread "Unconstrained build operations Thread 19"        [_thread_blocked, id=31048, stack(0x00000046b0600000,0x00000046b0700000) (1024K)]
  0x00000183773afd80 JavaThread "Unconstrained build operations Thread 20"        [_thread_blocked, id=17420, stack(0x00000046b0700000,0x00000046b0800000) (1024K)]
  0x00000183773b0aa0 JavaThread "Unconstrained build operations Thread 21"        [_thread_blocked, id=10444, stack(0x00000046b0800000,0x00000046b0900000) (1024K)]
  0x00000183773af6f0 JavaThread "Memory manager"                    [_thread_blocked, id=9944, stack(0x00000046b0900000,0x00000046b0a00000) (1024K)]
  0x00000183740bdc60 JavaThread "C2 CompilerThread1"         daemon [_thread_in_native, id=14188, stack(0x00000046b0a00000,0x00000046b0b00000) (1024K)]
  0x0000018377413290 JavaThread "included builds"                   [_thread_blocked, id=28176, stack(0x00000046b0b00000,0x00000046b0c00000) (1024K)]
  0x00000183763d6ad0 JavaThread "Execution worker"                  [_thread_blocked, id=12144, stack(0x00000046b0c00000,0x00000046b0d00000) (1024K)]
  0x00000183763d5720 JavaThread "Execution worker Thread 2"         [_thread_blocked, id=36500, stack(0x00000046b0d00000,0x00000046b0e00000) (1024K)]
  0x00000183763d8510 JavaThread "Execution worker Thread 3"         [_thread_blocked, id=16564, stack(0x00000046b0e00000,0x00000046b0f00000) (1024K)]
  0x00000183763d77f0 JavaThread "Execution worker Thread 4"         [_thread_blocked, id=35240, stack(0x00000046b0f00000,0x00000046b1000000) (1024K)]
  0x00000183763d9230 JavaThread "Execution worker Thread 5"         [_thread_blocked, id=7592, stack(0x00000046b1000000,0x00000046b1100000) (1024K)]
  0x00000183763d8ba0 JavaThread "Execution worker Thread 6"         [_thread_in_native, id=35592, stack(0x00000046b1100000,0x00000046b1200000) (1024K)]
  0x00000183763d5db0 JavaThread "Execution worker Thread 7"         [_thread_blocked, id=33272, stack(0x00000046b1200000,0x00000046b1300000) (1024K)]
  0x00000183763d6440 JavaThread "Execution worker Thread 8"         [_thread_blocked, id=37696, stack(0x00000046b1300000,0x00000046b1400000) (1024K)]
  0x00000183763d7e80 JavaThread "Execution worker Thread 9"         [_thread_blocked, id=32004, stack(0x00000046b1400000,0x00000046b1500000) (1024K)]
  0x00000183763d98c0 JavaThread "Execution worker Thread 10"        [_thread_blocked, id=1792, stack(0x00000046b1500000,0x00000046b1600000) (1024K)]
  0x00000183763d9f50 JavaThread "Execution worker Thread 11"        [_thread_blocked, id=33780, stack(0x00000046b1600000,0x00000046b1700000) (1024K)]
  0x00000183763da5e0 JavaThread "Cache worker for execution history cache (C:\Users\Brendo\AndroidStudioProjects\GeoMatchApp\.gradle\8.6\executionHistory)"        [_thread_in_vm, id=920, stack(0x00000046b1700000,0x00000046b1800000) (1024K)]
Total: 80

Other Threads:
  0x000001836f77e550 VMThread "VM Thread"                           [id=16376, stack(0x00000046abc00000,0x00000046abd00000) (1024K)]
  0x000001836f71a620 WatcherThread "VM Periodic Task Thread"        [id=4848, stack(0x00000046abb00000,0x00000046abc00000) (1024K)]
  0x00000183580d4410 WorkerThread "GC Thread#0"                     [id=34180, stack(0x00000046ab600000,0x00000046ab700000) (1024K)]
  0x0000018374f57f70 WorkerThread "GC Thread#1"                     [id=31668, stack(0x00000046ac700000,0x00000046ac800000) (1024K)]
  0x0000018374d43100 WorkerThread "GC Thread#2"                     [id=34472, stack(0x00000046ac800000,0x00000046ac900000) (1024K)]
  0x0000018374d438b0 WorkerThread "GC Thread#3"                     [id=35088, stack(0x00000046ac900000,0x00000046aca00000) (1024K)]
  0x0000018374d43c50 WorkerThread "GC Thread#4"                     [id=36760, stack(0x00000046aca00000,0x00000046acb00000) (1024K)]
  0x0000018375d88980 WorkerThread "GC Thread#5"                     [id=37276, stack(0x00000046ad500000,0x00000046ad600000) (1024K)]
  0x0000018375d89120 WorkerThread "GC Thread#6"                     [id=35848, stack(0x00000046ad600000,0x00000046ad700000) (1024K)]
  0x0000018375fa7c30 WorkerThread "GC Thread#7"                     [id=24428, stack(0x00000046ad700000,0x00000046ad800000) (1024K)]
  0x0000018375fc7b40 WorkerThread "GC Thread#8"                     [id=35080, stack(0x00000046ad800000,0x00000046ad900000) (1024K)]
  0x0000018375fc7ee0 WorkerThread "GC Thread#9"                     [id=25644, stack(0x00000046ad900000,0x00000046ada00000) (1024K)]
  0x00000183580e5300 ConcurrentGCThread "G1 Main Marker"            [id=13888, stack(0x00000046ab700000,0x00000046ab800000) (1024K)]
  0x00000183580e5d10 WorkerThread "G1 Conc#0"                       [id=28492, stack(0x00000046ab800000,0x00000046ab900000) (1024K)]
  0x0000018375fcb2a0 WorkerThread "G1 Conc#1"                       [id=33840, stack(0x00000046ada00000,0x00000046adb00000) (1024K)]
  0x0000018375fd6f50 WorkerThread "G1 Conc#2"                       [id=11100, stack(0x00000046adb00000,0x00000046adc00000) (1024K)]
  0x000001835813c2c0 ConcurrentGCThread "G1 Refine#0"               [id=20752, stack(0x00000046ab900000,0x00000046aba00000) (1024K)]
  0x000001835813dbf0 ConcurrentGCThread "G1 Service"                [id=34544, stack(0x00000046aba00000,0x00000046abb00000) (1024K)]
Total: 18

Threads with active compile tasks:
C2 CompilerThread0  29677 11137       4       org.gradle.internal.instantiation.generator.AbstractClassGenerator::inspectType (560 bytes)
C2 CompilerThread1  29677 11140   !   4       java.net.URLClassLoader$1::run (81 bytes)
Total: 2

VM state: not at safepoint (normal execution)

VM Mutex/Monitor currently owned by a thread: None

Heap address: 0x0000000080000000, size: 2048 MB, Compressed Oops mode: 32-bit

CDS archive(s) not mapped
Compressed class space mapped at: 0x0000000100000000-0x0000000140000000, reserved size: 1073741824
Narrow klass base: 0x0000000000000000, Narrow klass shift: 3, Narrow klass range: 0x140000000

GC Precious Log:
 CardTable entry size: 512
 Card Set container configuration: InlinePtr #cards 5 size 8 Array Of Cards #cards 12 size 40 Howl #buckets 4 coarsen threshold 1843 Howl Bitmap #cards 512 size 80 coarsen threshold 460 Card regions per heap region 1 cards per card region 2048
 CPUs: 12 total, 12 available
 Memory: 4863M
 Large Page Support: Disabled
 NUMA Support: Disabled
 Compressed Oops: Enabled (32-bit)
 Heap Region Size: 1M
 Heap Min Capacity: 8M
 Heap Initial Capacity: 76M
 Heap Max Capacity: 2G
 Pre-touch: Disabled
 Parallel Workers: 10
 Concurrent Workers: 3
 Concurrent Refinement Workers: 10
 Periodic GC: Disabled

Heap:
 garbage-first heap   total 232448K, used 154979K [0x0000000080000000, 0x0000000100000000)
  region size 1024K, 22 young (22528K), 5 survivors (5120K)
 Metaspace       used 106782K, committed 108672K, reserved 1179648K
  class space    used 15038K, committed 15936K, reserved 1048576K

Heap Regions: E=young(eden), S=young(survivor), O=old, HS=humongous(starts), HC=humongous(continues), CS=collection set, F=free, TAMS=top-at-mark-start, PB=parsable bottom
|   0|0x0000000080000000, 0x0000000080100000, 0x0000000080100000|100%|HS|  |TAMS 0x0000000080000000| PB 0x0000000080000000| Complete 
|   1|0x0000000080100000, 0x0000000080200000, 0x0000000080200000|100%|HC|  |TAMS 0x0000000080100000| PB 0x0000000080100000| Complete 
|   2|0x0000000080200000, 0x0000000080300000, 0x0000000080300000|100%|HC|  |TAMS 0x0000000080200000| PB 0x0000000080200000| Complete 
|   3|0x0000000080300000, 0x0000000080400000, 0x0000000080400000|100%|HC|  |TAMS 0x0000000080300000| PB 0x0000000080300000| Complete 
|   4|0x0000000080400000, 0x0000000080500000, 0x0000000080500000|100%| O|  |TAMS 0x0000000080400000| PB 0x0000000080400000| Untracked 
|   5|0x0000000080500000, 0x0000000080600000, 0x0000000080600000|100%| O|  |TAMS 0x0000000080500000| PB 0x0000000080500000| Untracked 
|   6|0x0000000080600000, 0x0000000080700000, 0x0000000080700000|100%| O|  |TAMS 0x0000000080600000| PB 0x0000000080600000| Untracked 
|   7|0x0000000080700000, 0x0000000080800000, 0x0000000080800000|100%| O|  |TAMS 0x0000000080700000| PB 0x0000000080700000| Untracked 
|   8|0x0000000080800000, 0x0000000080900000, 0x0000000080900000|100%| O|  |TAMS 0x0000000080800000| PB 0x0000000080800000| Untracked 
|   9|0x0000000080900000, 0x0000000080a00000, 0x0000000080a00000|100%| O|  |TAMS 0x0000000080900000| PB 0x0000000080900000| Untracked 
|  10|0x0000000080a00000, 0x0000000080b00000, 0x0000000080b00000|100%| O|  |TAMS 0x0000000080a00000| PB 0x0000000080a00000| Untracked 
|  11|0x0000000080b00000, 0x0000000080c00000, 0x0000000080c00000|100%| O|  |TAMS 0x0000000080b00000| PB 0x0000000080b00000| Untracked 
|  12|0x0000000080c00000, 0x0000000080d00000, 0x0000000080d00000|100%| O|  |TAMS 0x0000000080c00000| PB 0x0000000080c00000| Untracked 
|  13|0x0000000080d00000, 0x0000000080e00000, 0x0000000080e00000|100%|HS|  |TAMS 0x0000000080d00000| PB 0x0000000080d00000| Complete 
|  14|0x0000000080e00000, 0x0000000080f00000, 0x0000000080f00000|100%| O|  |TAMS 0x0000000080e00000| PB 0x0000000080e00000| Untracked 
|  15|0x0000000080f00000, 0x0000000081000000, 0x0000000081000000|100%| O|  |TAMS 0x0000000080f00000| PB 0x0000000080f00000| Untracked 
|  16|0x0000000081000000, 0x0000000081100000, 0x0000000081100000|100%| O|  |TAMS 0x0000000081000000| PB 0x0000000081000000| Untracked 
|  17|0x0000000081100000, 0x0000000081200000, 0x0000000081200000|100%| O|  |TAMS 0x0000000081100000| PB 0x0000000081100000| Untracked 
|  18|0x0000000081200000, 0x0000000081300000, 0x0000000081300000|100%| O|  |TAMS 0x0000000081200000| PB 0x0000000081200000| Untracked 
|  19|0x0000000081300000, 0x0000000081400000, 0x0000000081400000|100%| O|  |TAMS 0x0000000081300000| PB 0x0000000081300000| Untracked 
|  20|0x0000000081400000, 0x0000000081500000, 0x0000000081500000|100%| O|  |TAMS 0x0000000081400000| PB 0x0000000081400000| Untracked 
|  21|0x0000000081500000, 0x0000000081600000, 0x0000000081600000|100%|HS|  |TAMS 0x0000000081500000| PB 0x0000000081500000| Complete 
|  22|0x0000000081600000, 0x0000000081700000, 0x0000000081700000|100%|HC|  |TAMS 0x0000000081600000| PB 0x0000000081600000| Complete 
|  23|0x0000000081700000, 0x0000000081800000, 0x0000000081800000|100%|HC|  |TAMS 0x0000000081700000| PB 0x0000000081700000| Complete 
|  24|0x0000000081800000, 0x0000000081900000, 0x0000000081900000|100%|HC|  |TAMS 0x0000000081800000| PB 0x0000000081800000| Complete 
|  25|0x0000000081900000, 0x0000000081a00000, 0x0000000081a00000|100%|HC|  |TAMS 0x0000000081900000| PB 0x0000000081900000| Complete 
|  26|0x0000000081a00000, 0x0000000081b00000, 0x0000000081b00000|100%|HC|  |TAMS 0x0000000081a00000| PB 0x0000000081a00000| Complete 
|  27|0x0000000081b00000, 0x0000000081c00000, 0x0000000081c00000|100%|HS|  |TAMS 0x0000000081b00000| PB 0x0000000081b00000| Complete 
|  28|0x0000000081c00000, 0x0000000081d00000, 0x0000000081d00000|100%|HC|  |TAMS 0x0000000081c00000| PB 0x0000000081c00000| Complete 
|  29|0x0000000081d00000, 0x0000000081e00000, 0x0000000081e00000|100%| O|  |TAMS 0x0000000081d00000| PB 0x0000000081d00000| Untracked 
|  30|0x0000000081e00000, 0x0000000081f00000, 0x0000000081f00000|100%|HS|  |TAMS 0x0000000081e00000| PB 0x0000000081e00000| Complete 
|  31|0x0000000081f00000, 0x0000000082000000, 0x0000000082000000|100%|HC|  |TAMS 0x0000000081f00000| PB 0x0000000081f00000| Complete 
|  32|0x0000000082000000, 0x0000000082100000, 0x0000000082100000|100%|HC|  |TAMS 0x0000000082000000| PB 0x0000000082000000| Complete 
|  33|0x0000000082100000, 0x0000000082200000, 0x0000000082200000|100%|HC|  |TAMS 0x0000000082100000| PB 0x0000000082100000| Complete 
|  34|0x0000000082200000, 0x0000000082300000, 0x0000000082300000|100%|HS|  |TAMS 0x0000000082200000| PB 0x0000000082200000| Complete 
|  35|0x0000000082300000, 0x0000000082400000, 0x0000000082400000|100%|HS|  |TAMS 0x0000000082300000| PB 0x0000000082300000| Complete 
|  36|0x0000000082400000, 0x0000000082500000, 0x0000000082500000|100%|HC|  |TAMS 0x0000000082400000| PB 0x0000000082400000| Complete 
|  37|0x0000000082500000, 0x0000000082600000, 0x0000000082600000|100%|HC|  |TAMS 0x0000000082500000| PB 0x0000000082500000| Complete 
|  38|0x0000000082600000, 0x0000000082700000, 0x0000000082700000|100%|HC|  |TAMS 0x0000000082600000| PB 0x0000000082600000| Complete 
|  39|0x0000000082700000, 0x0000000082800000, 0x0000000082800000|100%|HC|  |TAMS 0x0000000082700000| PB 0x0000000082700000| Complete 
|  40|0x0000000082800000, 0x0000000082900000, 0x0000000082900000|100%|HC|  |TAMS 0x0000000082800000| PB 0x0000000082800000| Complete 
|  41|0x0000000082900000, 0x0000000082a00000, 0x0000000082a00000|100%|HS|  |TAMS 0x0000000082900000| PB 0x0000000082900000| Complete 
|  42|0x0000000082a00000, 0x0000000082b00000, 0x0000000082b00000|100%| O|  |TAMS 0x0000000082a00000| PB 0x0000000082a00000| Untracked 
|  43|0x0000000082b00000, 0x0000000082c00000, 0x0000000082c00000|100%| O|  |TAMS 0x0000000082b00000| PB 0x0000000082b00000| Untracked 
|  44|0x0000000082c00000, 0x0000000082d00000, 0x0000000082d00000|100%| O|  |TAMS 0x0000000082c00000| PB 0x0000000082c00000| Untracked 
|  45|0x0000000082d00000, 0x0000000082e00000, 0x0000000082e00000|100%| O|  |TAMS 0x0000000082d00000| PB 0x0000000082d00000| Untracked 
|  46|0x0000000082e00000, 0x0000000082f00000, 0x0000000082f00000|100%| O|  |TAMS 0x0000000082e00000| PB 0x0000000082e00000| Untracked 
|  47|0x0000000082f00000, 0x0000000083000000, 0x0000000083000000|100%|HS|  |TAMS 0x0000000082f00000| PB 0x0000000082f00000| Complete 
|  48|0x0000000083000000, 0x0000000083100000, 0x0000000083100000|100%|HC|  |TAMS 0x0000000083000000| PB 0x0000000083000000| Complete 
|  49|0x0000000083100000, 0x0000000083200000, 0x0000000083200000|100%|HS|  |TAMS 0x0000000083100000| PB 0x0000000083100000| Complete 
|  50|0x0000000083200000, 0x0000000083300000, 0x0000000083300000|100%|HC|  |TAMS 0x0000000083200000| PB 0x0000000083200000| Complete 
|  51|0x0000000083300000, 0x0000000083400000, 0x0000000083400000|100%|HC|  |TAMS 0x0000000083300000| PB 0x0000000083300000| Complete 
|  52|0x0000000083400000, 0x0000000083500000, 0x0000000083500000|100%|HC|  |TAMS 0x0000000083400000| PB 0x0000000083400000| Complete 
|  53|0x0000000083500000, 0x0000000083600000, 0x0000000083600000|100%|HS|  |TAMS 0x0000000083500000| PB 0x0000000083500000| Complete 
|  54|0x0000000083600000, 0x0000000083700000, 0x0000000083700000|100%| O|  |TAMS 0x0000000083600000| PB 0x0000000083600000| Untracked 
|  55|0x0000000083700000, 0x0000000083800000, 0x0000000083800000|100%| O|  |TAMS 0x0000000083700000| PB 0x0000000083700000| Untracked 
|  56|0x0000000083800000, 0x0000000083900000, 0x0000000083900000|100%| O|  |TAMS 0x0000000083800000| PB 0x0000000083800000| Untracked 
|  57|0x0000000083900000, 0x0000000083a00000, 0x0000000083a00000|100%| O|  |TAMS 0x0000000083900000| PB 0x0000000083900000| Untracked 
|  58|0x0000000083a00000, 0x0000000083b00000, 0x0000000083b00000|100%|HS|  |TAMS 0x0000000083a00000| PB 0x0000000083a00000| Complete 
|  59|0x0000000083b00000, 0x0000000083c00000, 0x0000000083c00000|100%|HC|  |TAMS 0x0000000083b00000| PB 0x0000000083b00000| Complete 
|  60|0x0000000083c00000, 0x0000000083d00000, 0x0000000083d00000|100%| O|  |TAMS 0x0000000083c00000| PB 0x0000000083c00000| Untracked 
|  61|0x0000000083d00000, 0x0000000083e00000, 0x0000000083e00000|100%| O|  |TAMS 0x0000000083d00000| PB 0x0000000083d00000| Untracked 
|  62|0x0000000083e00000, 0x0000000083f00000, 0x0000000083f00000|100%| O|  |TAMS 0x0000000083e00000| PB 0x0000000083e00000| Untracked 
|  63|0x0000000083f00000, 0x0000000084000000, 0x0000000084000000|100%| O|  |TAMS 0x0000000083f00000| PB 0x0000000083f00000| Untracked 
|  64|0x0000000084000000, 0x0000000084100000, 0x0000000084100000|100%|HS|  |TAMS 0x0000000084000000| PB 0x0000000084000000| Complete 
|  65|0x0000000084100000, 0x0000000084200000, 0x0000000084200000|100%| O|  |TAMS 0x0000000084100000| PB 0x0000000084100000| Untracked 
|  66|0x0000000084200000, 0x0000000084300000, 0x0000000084300000|100%| O|  |TAMS 0x0000000084200000| PB 0x0000000084200000| Untracked 
|  67|0x0000000084300000, 0x0000000084400000, 0x0000000084400000|100%|HS|  |TAMS 0x0000000084300000| PB 0x0000000084300000| Complete 
|  68|0x0000000084400000, 0x0000000084500000, 0x0000000084500000|100%|HC|  |TAMS 0x0000000084400000| PB 0x0000000084400000| Complete 
|  69|0x0000000084500000, 0x0000000084600000, 0x0000000084600000|100%|HC|  |TAMS 0x0000000084500000| PB 0x0000000084500000| Complete 
|  70|0x0000000084600000, 0x0000000084700000, 0x0000000084700000|100%|HC|  |TAMS 0x0000000084600000| PB 0x0000000084600000| Complete 
|  71|0x0000000084700000, 0x0000000084800000, 0x0000000084800000|100%|HC|  |TAMS 0x0000000084700000| PB 0x0000000084700000| Complete 
|  72|0x0000000084800000, 0x0000000084900000, 0x0000000084900000|100%|HC|  |TAMS 0x0000000084800000| PB 0x0000000084800000| Complete 
|  73|0x0000000084900000, 0x0000000084a00000, 0x0000000084a00000|100%| O|  |TAMS 0x0000000084900000| PB 0x0000000084900000| Untracked 
|  74|0x0000000084a00000, 0x0000000084b00000, 0x0000000084b00000|100%| O|  |TAMS 0x0000000084a00000| PB 0x0000000084a00000| Untracked 
|  75|0x0000000084b00000, 0x0000000084c00000, 0x0000000084c00000|100%|HS|  |TAMS 0x0000000084b00000| PB 0x0000000084b00000| Complete 
|  76|0x0000000084c00000, 0x0000000084d00000, 0x0000000084d00000|100%| O|  |TAMS 0x0000000084c00000| PB 0x0000000084c00000| Untracked 
|  77|0x0000000084d00000, 0x0000000084e00000, 0x0000000084e00000|100%| O|  |TAMS 0x0000000084d00000| PB 0x0000000084d00000| Untracked 
|  78|0x0000000084e00000, 0x0000000084f00000, 0x0000000084f00000|100%| O|  |TAMS 0x0000000084e00000| PB 0x0000000084e00000| Untracked 
|  79|0x0000000084f00000, 0x0000000085000000, 0x0000000085000000|100%| O|  |TAMS 0x0000000084f00000| PB 0x0000000084f00000| Untracked 
|  80|0x0000000085000000, 0x0000000085100000, 0x0000000085100000|100%| O|  |TAMS 0x0000000085000000| PB 0x0000000085000000| Untracked 
|  81|0x0000000085100000, 0x0000000085200000, 0x0000000085200000|100%| O|  |TAMS 0x0000000085100000| PB 0x0000000085100000| Untracked 
|  82|0x0000000085200000, 0x0000000085300000, 0x0000000085300000|100%| O|  |TAMS 0x0000000085200000| PB 0x0000000085200000| Untracked 
|  83|0x0000000085300000, 0x0000000085400000, 0x0000000085400000|100%|HS|  |TAMS 0x0000000085300000| PB 0x0000000085300000| Complete 
|  84|0x0000000085400000, 0x0000000085500000, 0x0000000085500000|100%|HC|  |TAMS 0x0000000085400000| PB 0x0000000085400000| Complete 
|  85|0x0000000085500000, 0x0000000085600000, 0x0000000085600000|100%|HC|  |TAMS 0x0000000085500000| PB 0x0000000085500000| Complete 
|  86|0x0000000085600000, 0x0000000085700000, 0x0000000085700000|100%|HC|  |TAMS 0x0000000085600000| PB 0x0000000085600000| Complete 
|  87|0x0000000085700000, 0x0000000085800000, 0x0000000085800000|100%|HC|  |TAMS 0x0000000085700000| PB 0x0000000085700000| Complete 
|  88|0x0000000085800000, 0x0000000085900000, 0x0000000085900000|100%|HC|  |TAMS 0x0000000085800000| PB 0x0000000085800000| Complete 
|  89|0x0000000085900000, 0x0000000085a00000, 0x0000000085a00000|100%| O|  |TAMS 0x0000000085900000| PB 0x0000000085900000| Untracked 
|  90|0x0000000085a00000, 0x0000000085b00000, 0x0000000085b00000|100%| O|  |TAMS 0x0000000085a00000| PB 0x0000000085a00000| Untracked 
|  91|0x0000000085b00000, 0x0000000085c00000, 0x0000000085c00000|100%| O|  |TAMS 0x0000000085b00000| PB 0x0000000085b00000| Untracked 
|  92|0x0000000085c00000, 0x0000000085d00000, 0x0000000085d00000|100%| O|  |TAMS 0x0000000085c00000| PB 0x0000000085c00000| Untracked 
|  93|0x0000000085d00000, 0x0000000085e00000, 0x0000000085e00000|100%| O|  |TAMS 0x0000000085d00000| PB 0x0000000085d00000| Untracked 
|  94|0x0000000085e00000, 0x0000000085f00000, 0x0000000085f00000|100%|HS|  |TAMS 0x0000000085e00000| PB 0x0000000085e00000| Complete 
|  95|0x0000000085f00000, 0x0000000086000000, 0x0000000086000000|100%|HS|  |TAMS 0x0000000085f00000| PB 0x0000000085f00000| Complete 
|  96|0x0000000086000000, 0x0000000086100000, 0x0000000086100000|100%|HS|  |TAMS 0x0000000086000000| PB 0x0000000086000000| Complete 
|  97|0x0000000086100000, 0x0000000086200000, 0x0000000086200000|100%|HS|  |TAMS 0x0000000086100000| PB 0x0000000086100000| Complete 
|  98|0x0000000086200000, 0x0000000086300000, 0x0000000086300000|100%| O|  |TAMS 0x0000000086200000| PB 0x0000000086200000| Untracked 
|  99|0x0000000086300000, 0x0000000086400000, 0x0000000086400000|100%|HS|  |TAMS 0x0000000086300000| PB 0x0000000086300000| Complete 
| 100|0x0000000086400000, 0x0000000086500000, 0x0000000086500000|100%| O|  |TAMS 0x0000000086400000| PB 0x0000000086400000| Untracked 
| 101|0x0000000086500000, 0x0000000086600000, 0x0000000086600000|100%| O|  |TAMS 0x0000000086500000| PB 0x0000000086500000| Untracked 
| 102|0x0000000086600000, 0x0000000086700000, 0x0000000086700000|100%| O|Cm|TAMS 0x0000000086600000| PB 0x0000000086600000| Complete 
| 103|0x0000000086700000, 0x0000000086800000, 0x0000000086800000|100%| O|Cm|TAMS 0x0000000086700000| PB 0x0000000086700000| Complete 
| 104|0x0000000086800000, 0x0000000086900000, 0x0000000086900000|100%| O|  |TAMS 0x0000000086800000| PB 0x0000000086800000| Untracked 
| 105|0x0000000086900000, 0x0000000086a00000, 0x0000000086a00000|100%| O|  |TAMS 0x0000000086900000| PB 0x0000000086900000| Untracked 
| 106|0x0000000086a00000, 0x0000000086b00000, 0x0000000086b00000|100%| O|  |TAMS 0x0000000086a00000| PB 0x0000000086a00000| Untracked 
| 107|0x0000000086b00000, 0x0000000086c00000, 0x0000000086c00000|100%| O|  |TAMS 0x0000000086b00000| PB 0x0000000086b00000| Untracked 
| 108|0x0000000086c00000, 0x0000000086d00000, 0x0000000086d00000|100%| O|  |TAMS 0x0000000086c00000| PB 0x0000000086c00000| Untracked 
| 109|0x0000000086d00000, 0x0000000086e00000, 0x0000000086e00000|100%| O|  |TAMS 0x0000000086d00000| PB 0x0000000086d00000| Untracked 
| 110|0x0000000086e00000, 0x0000000086f00000, 0x0000000086f00000|100%| O|  |TAMS 0x0000000086e00000| PB 0x0000000086e00000| Untracked 
| 111|0x0000000086f00000, 0x0000000087000000, 0x0000000087000000|100%| O|  |TAMS 0x0000000086f00000| PB 0x0000000086f00000| Untracked 
| 112|0x0000000087000000, 0x0000000087100000, 0x0000000087100000|100%| O|  |TAMS 0x0000000087000000| PB 0x0000000087000000| Untracked 
| 113|0x0000000087100000, 0x0000000087200000, 0x0000000087200000|100%| O|  |TAMS 0x0000000087100000| PB 0x0000000087100000| Untracked 
| 114|0x0000000087200000, 0x0000000087300000, 0x0000000087300000|100%| O|  |TAMS 0x0000000087200000| PB 0x0000000087200000| Untracked 
| 115|0x0000000087300000, 0x0000000087358e00, 0x0000000087400000| 34%| O|  |TAMS 0x0000000087300000| PB 0x0000000087300000| Untracked 
| 116|0x0000000087400000, 0x0000000087500000, 0x0000000087500000|100%| O|  |TAMS 0x0000000087400000| PB 0x0000000087400000| Untracked 
| 117|0x0000000087500000, 0x0000000087600000, 0x0000000087600000|100%| O|  |TAMS 0x0000000087500000| PB 0x0000000087500000| Untracked 
| 118|0x0000000087600000, 0x0000000087700000, 0x0000000087700000|100%| O|  |TAMS 0x0000000087600000| PB 0x0000000087600000| Untracked 
| 119|0x0000000087700000, 0x0000000087800000, 0x0000000087800000|100%| O|  |TAMS 0x0000000087700000| PB 0x0000000087700000| Untracked 
| 120|0x0000000087800000, 0x0000000087900000, 0x0000000087900000|100%| O|  |TAMS 0x0000000087800000| PB 0x0000000087800000| Untracked 
| 121|0x0000000087900000, 0x0000000087a00000, 0x0000000087a00000|100%| O|  |TAMS 0x0000000087900000| PB 0x0000000087900000| Untracked 
| 122|0x0000000087a00000, 0x0000000087b00000, 0x0000000087b00000|100%| O|  |TAMS 0x0000000087a00000| PB 0x0000000087a00000| Untracked 
| 123|0x0000000087b00000, 0x0000000087c00000, 0x0000000087c00000|100%| O|  |TAMS 0x0000000087b00000| PB 0x0000000087b00000| Untracked 
| 124|0x0000000087c00000, 0x0000000087d00000, 0x0000000087d00000|100%|HS|  |TAMS 0x0000000087c00000| PB 0x0000000087c00000| Complete 
| 125|0x0000000087d00000, 0x0000000087e00000, 0x0000000087e00000|100%|HC|  |TAMS 0x0000000087d00000| PB 0x0000000087d00000| Complete 
| 126|0x0000000087e00000, 0x0000000087e00000, 0x0000000087f00000|  0%| F|  |TAMS 0x0000000087e00000| PB 0x0000000087e00000| Untracked 
| 127|0x0000000087f00000, 0x0000000087f00000, 0x0000000088000000|  0%| F|  |TAMS 0x0000000087f00000| PB 0x0000000087f00000| Untracked 
| 128|0x0000000088000000, 0x0000000088000000, 0x0000000088100000|  0%| F|  |TAMS 0x0000000088000000| PB 0x0000000088000000| Untracked 
| 129|0x0000000088100000, 0x0000000088100000, 0x0000000088200000|  0%| F|  |TAMS 0x0000000088100000| PB 0x0000000088100000| Untracked 
| 130|0x0000000088200000, 0x0000000088200000, 0x0000000088300000|  0%| F|  |TAMS 0x0000000088200000| PB 0x0000000088200000| Untracked 
| 131|0x0000000088300000, 0x0000000088300000, 0x0000000088400000|  0%| F|  |TAMS 0x0000000088300000| PB 0x0000000088300000| Untracked 
| 132|0x0000000088400000, 0x0000000088400000, 0x0000000088500000|  0%| F|  |TAMS 0x0000000088400000| PB 0x0000000088400000| Untracked 
| 133|0x0000000088500000, 0x0000000088500000, 0x0000000088600000|  0%| F|  |TAMS 0x0000000088500000| PB 0x0000000088500000| Untracked 
| 134|0x0000000088600000, 0x0000000088600000, 0x0000000088700000|  0%| F|  |TAMS 0x0000000088600000| PB 0x0000000088600000| Untracked 
| 135|0x0000000088700000, 0x0000000088700000, 0x0000000088800000|  0%| F|  |TAMS 0x0000000088700000| PB 0x0000000088700000| Untracked 
| 136|0x0000000088800000, 0x0000000088800000, 0x0000000088900000|  0%| F|  |TAMS 0x0000000088800000| PB 0x0000000088800000| Untracked 
| 137|0x0000000088900000, 0x0000000088900000, 0x0000000088a00000|  0%| F|  |TAMS 0x0000000088900000| PB 0x0000000088900000| Untracked 
| 138|0x0000000088a00000, 0x0000000088a00000, 0x0000000088b00000|  0%| F|  |TAMS 0x0000000088a00000| PB 0x0000000088a00000| Untracked 
| 139|0x0000000088b00000, 0x0000000088b00000, 0x0000000088c00000|  0%| F|  |TAMS 0x0000000088b00000| PB 0x0000000088b00000| Untracked 
| 140|0x0000000088c00000, 0x0000000088c00000, 0x0000000088d00000|  0%| F|  |TAMS 0x0000000088c00000| PB 0x0000000088c00000| Untracked 
| 141|0x0000000088d00000, 0x0000000088d00000, 0x0000000088e00000|  0%| F|  |TAMS 0x0000000088d00000| PB 0x0000000088d00000| Untracked 
| 142|0x0000000088e00000, 0x0000000088e00000, 0x0000000088f00000|  0%| F|  |TAMS 0x0000000088e00000| PB 0x0000000088e00000| Untracked 
| 143|0x0000000088f00000, 0x0000000088f00000, 0x0000000089000000|  0%| F|  |TAMS 0x0000000088f00000| PB 0x0000000088f00000| Untracked 
| 144|0x0000000089000000, 0x0000000089000000, 0x0000000089100000|  0%| F|  |TAMS 0x0000000089000000| PB 0x0000000089000000| Untracked 
| 145|0x0000000089100000, 0x0000000089200000, 0x0000000089200000|100%| S|CS|TAMS 0x0000000089100000| PB 0x0000000089100000| Complete 
| 146|0x0000000089200000, 0x0000000089300000, 0x0000000089300000|100%| S|CS|TAMS 0x0000000089200000| PB 0x0000000089200000| Complete 
| 147|0x0000000089300000, 0x0000000089400000, 0x0000000089400000|100%| S|CS|TAMS 0x0000000089300000| PB 0x0000000089300000| Complete 
| 148|0x0000000089400000, 0x0000000089500000, 0x0000000089500000|100%| S|CS|TAMS 0x0000000089400000| PB 0x0000000089400000| Complete 
| 149|0x0000000089500000, 0x0000000089600000, 0x0000000089600000|100%| S|CS|TAMS 0x0000000089500000| PB 0x0000000089500000| Complete 
| 150|0x0000000089600000, 0x0000000089600000, 0x0000000089700000|  0%| F|  |TAMS 0x0000000089600000| PB 0x0000000089600000| Untracked 
| 151|0x0000000089700000, 0x0000000089700000, 0x0000000089800000|  0%| F|  |TAMS 0x0000000089700000| PB 0x0000000089700000| Untracked 
| 152|0x0000000089800000, 0x0000000089800000, 0x0000000089900000|  0%| F|  |TAMS 0x0000000089800000| PB 0x0000000089800000| Untracked 
| 153|0x0000000089900000, 0x0000000089900000, 0x0000000089a00000|  0%| F|  |TAMS 0x0000000089900000| PB 0x0000000089900000| Untracked 
| 154|0x0000000089a00000, 0x0000000089a00000, 0x0000000089b00000|  0%| F|  |TAMS 0x0000000089a00000| PB 0x0000000089a00000| Untracked 
| 155|0x0000000089b00000, 0x0000000089b00000, 0x0000000089c00000|  0%| F|  |TAMS 0x0000000089b00000| PB 0x0000000089b00000| Untracked 
| 156|0x0000000089c00000, 0x0000000089c00000, 0x0000000089d00000|  0%| F|  |TAMS 0x0000000089c00000| PB 0x0000000089c00000| Untracked 
| 157|0x0000000089d00000, 0x0000000089d00000, 0x0000000089e00000|  0%| F|  |TAMS 0x0000000089d00000| PB 0x0000000089d00000| Untracked 
| 158|0x0000000089e00000, 0x0000000089e00000, 0x0000000089f00000|  0%| F|  |TAMS 0x0000000089e00000| PB 0x0000000089e00000| Untracked 
| 159|0x0000000089f00000, 0x0000000089f00000, 0x000000008a000000|  0%| F|  |TAMS 0x0000000089f00000| PB 0x0000000089f00000| Untracked 
| 160|0x000000008a000000, 0x000000008a000000, 0x000000008a100000|  0%| F|  |TAMS 0x000000008a000000| PB 0x000000008a000000| Untracked 
| 161|0x000000008a100000, 0x000000008a100000, 0x000000008a200000|  0%| F|  |TAMS 0x000000008a100000| PB 0x000000008a100000| Untracked 
| 162|0x000000008a200000, 0x000000008a200000, 0x000000008a300000|  0%| F|  |TAMS 0x000000008a200000| PB 0x000000008a200000| Untracked 
| 163|0x000000008a300000, 0x000000008a300000, 0x000000008a400000|  0%| F|  |TAMS 0x000000008a300000| PB 0x000000008a300000| Untracked 
| 164|0x000000008a400000, 0x000000008a400000, 0x000000008a500000|  0%| F|  |TAMS 0x000000008a400000| PB 0x000000008a400000| Untracked 
| 165|0x000000008a500000, 0x000000008a500000, 0x000000008a600000|  0%| F|  |TAMS 0x000000008a500000| PB 0x000000008a500000| Untracked 
| 166|0x000000008a600000, 0x000000008a600000, 0x000000008a700000|  0%| F|  |TAMS 0x000000008a600000| PB 0x000000008a600000| Untracked 
| 167|0x000000008a700000, 0x000000008a700000, 0x000000008a800000|  0%| F|  |TAMS 0x000000008a700000| PB 0x000000008a700000| Untracked 
| 168|0x000000008a800000, 0x000000008a800000, 0x000000008a900000|  0%| F|  |TAMS 0x000000008a800000| PB 0x000000008a800000| Untracked 
| 169|0x000000008a900000, 0x000000008a900000, 0x000000008aa00000|  0%| F|  |TAMS 0x000000008a900000| PB 0x000000008a900000| Untracked 
| 170|0x000000008aa00000, 0x000000008aa00000, 0x000000008ab00000|  0%| F|  |TAMS 0x000000008aa00000| PB 0x000000008aa00000| Untracked 
| 171|0x000000008ab00000, 0x000000008ab00000, 0x000000008ac00000|  0%| F|  |TAMS 0x000000008ab00000| PB 0x000000008ab00000| Untracked 
| 172|0x000000008ac00000, 0x000000008ac00000, 0x000000008ad00000|  0%| F|  |TAMS 0x000000008ac00000| PB 0x000000008ac00000| Untracked 
| 173|0x000000008ad00000, 0x000000008ad00000, 0x000000008ae00000|  0%| F|  |TAMS 0x000000008ad00000| PB 0x000000008ad00000| Untracked 
| 174|0x000000008ae00000, 0x000000008ae00000, 0x000000008af00000|  0%| F|  |TAMS 0x000000008ae00000| PB 0x000000008ae00000| Untracked 
| 175|0x000000008af00000, 0x000000008af00000, 0x000000008b000000|  0%| F|  |TAMS 0x000000008af00000| PB 0x000000008af00000| Untracked 
| 176|0x000000008b000000, 0x000000008b000000, 0x000000008b100000|  0%| F|  |TAMS 0x000000008b000000| PB 0x000000008b000000| Untracked 
| 177|0x000000008b100000, 0x000000008b100000, 0x000000008b200000|  0%| F|  |TAMS 0x000000008b100000| PB 0x000000008b100000| Untracked 
| 178|0x000000008b200000, 0x000000008b200000, 0x000000008b300000|  0%| F|  |TAMS 0x000000008b200000| PB 0x000000008b200000| Untracked 
| 179|0x000000008b300000, 0x000000008b300000, 0x000000008b400000|  0%| F|  |TAMS 0x000000008b300000| PB 0x000000008b300000| Untracked 
| 180|0x000000008b400000, 0x000000008b400000, 0x000000008b500000|  0%| F|  |TAMS 0x000000008b400000| PB 0x000000008b400000| Untracked 
| 181|0x000000008b500000, 0x000000008b500000, 0x000000008b600000|  0%| F|  |TAMS 0x000000008b500000| PB 0x000000008b500000| Untracked 
| 182|0x000000008b600000, 0x000000008b600000, 0x000000008b700000|  0%| F|  |TAMS 0x000000008b600000| PB 0x000000008b600000| Untracked 
| 183|0x000000008b700000, 0x000000008b700000, 0x000000008b800000|  0%| F|  |TAMS 0x000000008b700000| PB 0x000000008b700000| Untracked 
| 184|0x000000008b800000, 0x000000008b800000, 0x000000008b900000|  0%| F|  |TAMS 0x000000008b800000| PB 0x000000008b800000| Untracked 
| 185|0x000000008b900000, 0x000000008b900000, 0x000000008ba00000|  0%| F|  |TAMS 0x000000008b900000| PB 0x000000008b900000| Untracked 
| 186|0x000000008ba00000, 0x000000008ba00000, 0x000000008bb00000|  0%| F|  |TAMS 0x000000008ba00000| PB 0x000000008ba00000| Untracked 
| 187|0x000000008bb00000, 0x000000008bb00000, 0x000000008bc00000|  0%| F|  |TAMS 0x000000008bb00000| PB 0x000000008bb00000| Untracked 
| 188|0x000000008bc00000, 0x000000008bc00000, 0x000000008bd00000|  0%| F|  |TAMS 0x000000008bc00000| PB 0x000000008bc00000| Untracked 
| 189|0x000000008bd00000, 0x000000008bd00000, 0x000000008be00000|  0%| F|  |TAMS 0x000000008bd00000| PB 0x000000008bd00000| Untracked 
| 190|0x000000008be00000, 0x000000008be00000, 0x000000008bf00000|  0%| F|  |TAMS 0x000000008be00000| PB 0x000000008be00000| Untracked 
| 191|0x000000008bf00000, 0x000000008bf00000, 0x000000008c000000|  0%| F|  |TAMS 0x000000008bf00000| PB 0x000000008bf00000| Untracked 
| 192|0x000000008c000000, 0x000000008c000000, 0x000000008c100000|  0%| F|  |TAMS 0x000000008c000000| PB 0x000000008c000000| Untracked 
| 193|0x000000008c100000, 0x000000008c100000, 0x000000008c200000|  0%| F|  |TAMS 0x000000008c100000| PB 0x000000008c100000| Untracked 
| 194|0x000000008c200000, 0x000000008c200000, 0x000000008c300000|  0%| F|  |TAMS 0x000000008c200000| PB 0x000000008c200000| Untracked 
| 195|0x000000008c300000, 0x000000008c300000, 0x000000008c400000|  0%| F|  |TAMS 0x000000008c300000| PB 0x000000008c300000| Untracked 
| 196|0x000000008c400000, 0x000000008c400000, 0x000000008c500000|  0%| F|  |TAMS 0x000000008c400000| PB 0x000000008c400000| Untracked 
| 197|0x000000008c500000, 0x000000008c500000, 0x000000008c600000|  0%| F|  |TAMS 0x000000008c500000| PB 0x000000008c500000| Untracked 
| 198|0x000000008c600000, 0x000000008c600000, 0x000000008c700000|  0%| F|  |TAMS 0x000000008c600000| PB 0x000000008c600000| Untracked 
| 199|0x000000008c700000, 0x000000008c700000, 0x000000008c800000|  0%| F|  |TAMS 0x000000008c700000| PB 0x000000008c700000| Untracked 
| 200|0x000000008c800000, 0x000000008c800000, 0x000000008c900000|  0%| F|  |TAMS 0x000000008c800000| PB 0x000000008c800000| Untracked 
| 201|0x000000008c900000, 0x000000008c900000, 0x000000008ca00000|  0%| F|  |TAMS 0x000000008c900000| PB 0x000000008c900000| Untracked 
| 202|0x000000008ca00000, 0x000000008ca00000, 0x000000008cb00000|  0%| F|  |TAMS 0x000000008ca00000| PB 0x000000008ca00000| Untracked 
| 203|0x000000008cb00000, 0x000000008cb00000, 0x000000008cc00000|  0%| F|  |TAMS 0x000000008cb00000| PB 0x000000008cb00000| Untracked 
| 204|0x000000008cc00000, 0x000000008cc00000, 0x000000008cd00000|  0%| F|  |TAMS 0x000000008cc00000| PB 0x000000008cc00000| Untracked 
| 205|0x000000008cd00000, 0x000000008cd9f1e0, 0x000000008ce00000| 62%| E|  |TAMS 0x000000008cd00000| PB 0x000000008cd00000| Complete 
| 206|0x000000008ce00000, 0x000000008cf00000, 0x000000008cf00000|100%| E|CS|TAMS 0x000000008ce00000| PB 0x000000008ce00000| Complete 
| 207|0x000000008cf00000, 0x000000008d000000, 0x000000008d000000|100%| E|CS|TAMS 0x000000008cf00000| PB 0x000000008cf00000| Complete 
| 208|0x000000008d000000, 0x000000008d100000, 0x000000008d100000|100%| E|CS|TAMS 0x000000008d000000| PB 0x000000008d000000| Complete 
| 209|0x000000008d100000, 0x000000008d200000, 0x000000008d200000|100%| E|CS|TAMS 0x000000008d100000| PB 0x000000008d100000| Complete 
| 210|0x000000008d200000, 0x000000008d300000, 0x000000008d300000|100%| E|CS|TAMS 0x000000008d200000| PB 0x000000008d200000| Complete 
| 211|0x000000008d300000, 0x000000008d400000, 0x000000008d400000|100%| E|CS|TAMS 0x000000008d300000| PB 0x000000008d300000| Complete 
| 212|0x000000008d400000, 0x000000008d500000, 0x000000008d500000|100%| E|CS|TAMS 0x000000008d400000| PB 0x000000008d400000| Complete 
| 213|0x000000008d500000, 0x000000008d600000, 0x000000008d600000|100%| E|CS|TAMS 0x000000008d500000| PB 0x000000008d500000| Complete 
| 214|0x000000008d600000, 0x000000008d700000, 0x000000008d700000|100%| E|CS|TAMS 0x000000008d600000| PB 0x000000008d600000| Complete 
| 215|0x000000008d700000, 0x000000008d800000, 0x000000008d800000|100%| E|CS|TAMS 0x000000008d700000| PB 0x000000008d700000| Complete 
| 216|0x000000008d800000, 0x000000008d900000, 0x000000008d900000|100%| E|CS|TAMS 0x000000008d800000| PB 0x000000008d800000| Complete 
|2038|0x00000000ff600000, 0x00000000ff700000, 0x00000000ff700000|100%| E|CS|TAMS 0x00000000ff600000| PB 0x00000000ff600000| Complete 
|2039|0x00000000ff700000, 0x00000000ff800000, 0x00000000ff800000|100%| O|Cm|TAMS 0x00000000ff700000| PB 0x00000000ff700000| Complete 
|2040|0x00000000ff800000, 0x00000000ff900000, 0x00000000ff900000|100%| E|CS|TAMS 0x00000000ff800000| PB 0x00000000ff800000| Complete 
|2041|0x00000000ff900000, 0x00000000ffa00000, 0x00000000ffa00000|100%| O|  |TAMS 0x00000000ff900000| PB 0x00000000ff900000| Untracked 
|2042|0x00000000ffa00000, 0x00000000ffb00000, 0x00000000ffb00000|100%| E|CS|TAMS 0x00000000ffa00000| PB 0x00000000ffa00000| Complete 
|2043|0x00000000ffb00000, 0x00000000ffc00000, 0x00000000ffc00000|100%| E|CS|TAMS 0x00000000ffb00000| PB 0x00000000ffb00000| Complete 
|2044|0x00000000ffc00000, 0x00000000ffd00000, 0x00000000ffd00000|100%| O|  |TAMS 0x00000000ffc00000| PB 0x00000000ffc00000| Untracked 
|2045|0x00000000ffd00000, 0x00000000ffe00000, 0x00000000ffe00000|100%| E|CS|TAMS 0x00000000ffd00000| PB 0x00000000ffd00000| Complete 
|2046|0x00000000ffe00000, 0x00000000fff00000, 0x00000000fff00000|100%| O|  |TAMS 0x00000000ffe00000| PB 0x00000000ffe00000| Untracked 
|2047|0x00000000fff00000, 0x0000000100000000, 0x0000000100000000|100%| O|  |TAMS 0x00000000fff00000| PB 0x00000000fff00000| Untracked 

Card table byte_map: [0x000001836ab20000,0x000001836af20000] _byte_map_base: 0x000001836a720000

Marking Bits: (CMBitMap*) 0x00000183580d4a20
 Bits: [0x000001836af20000, 0x000001836cf20000)

Polling page: 0x0000018355bd0000

Metaspace:

Usage:
  Non-class:     89.59 MB used.
      Class:     14.69 MB used.
       Both:    104.28 MB used.

Virtual space:
  Non-class space:      128.00 MB reserved,      90.56 MB ( 71%) committed,  2 nodes.
      Class space:        1.00 GB reserved,      15.56 MB (  2%) committed,  1 nodes.
             Both:        1.12 GB reserved,     106.12 MB (  9%) committed. 

Chunk freelists:
   Non-Class:  5.02 MB
       Class:  448.00 KB
        Both:  5.45 MB

MaxMetaspaceSize: unlimited
CompressedClassSpaceSize: 1.00 GB
Initial GC threshold: 21.00 MB
Current GC threshold: 173.44 MB
CDS: off
 - commit_granule_bytes: 65536.
 - commit_granule_words: 8192.
 - virtual_space_node_default_size: 8388608.
 - enlarge_chunks_in_place: 1.
 - use_allocation_guard: 0.


Internal statistics:

num_allocs_failed_limit: 3.
num_arena_births: 3756.
num_arena_deaths: 4.
num_vsnodes_births: 3.
num_vsnodes_deaths: 0.
num_space_committed: 1698.
num_space_uncommitted: 0.
num_chunks_returned_to_freelist: 12.
num_chunks_taken_from_freelist: 8030.
num_chunk_merges: 3.
num_chunk_splits: 5304.
num_chunks_enlarged: 3412.
num_inconsistent_stats: 0.

CodeHeap 'non-profiled nmethods': size=120000Kb used=5090Kb max_used=5219Kb free=114909Kb
 bounds [0x0000018362ca0000, 0x00000183631c0000, 0x000001836a1d0000]
CodeHeap 'profiled nmethods': size=120000Kb used=17134Kb max_used=17397Kb free=102865Kb
 bounds [0x000001835b1d0000, 0x000001835c2d0000, 0x0000018362700000]
CodeHeap 'non-nmethods': size=5760Kb used=2902Kb max_used=2944Kb free=2857Kb
 bounds [0x0000018362700000, 0x00000183629f0000, 0x0000018362ca0000]
CodeCache: size=245760Kb, used=25126Kb, max_used=25560Kb, free=220631Kb
 total_blobs=10505, nmethods=9499, adapters=909, full_count=0
Compilation: enabled, stopped_count=0, restarted_count=0

Compilation events (20 events):
Event: 26.626 Thread 0x00000183740bacb0 11202       3       org.gradle.internal.serialize.DefaultSerializerRegistry$TaggedTypeSerializer::map (110 bytes)
Event: 26.626 Thread 0x00000183740bacb0 nmethod 11202 0x000001835b515610 code [0x000001835b515980, 0x000001835b516fc0]
Event: 26.628 Thread 0x00000183740bacb0 11203       3       java.io.ObjectOutputStream$BlockDataOutputStream::drain (45 bytes)
Event: 26.628 Thread 0x00000183740bacb0 nmethod 11203 0x000001835b788490 code [0x000001835b788660, 0x000001835b788920]
Event: 26.628 Thread 0x00000183740bacb0 11204       3       java.io.ObjectStreamClass::getFields (22 bytes)
Event: 26.628 Thread 0x00000183740bacb0 nmethod 11204 0x000001835c126690 code [0x000001835c126860, 0x000001835c126b78]
Event: 26.630 Thread 0x00000183740bdc60 nmethod 11146 0x0000018363074490 code [0x0000018363074740, 0x0000018363075a80]
Event: 26.630 Thread 0x00000183740bdc60 11140   !   4       java.net.URLClassLoader$1::run (81 bytes)
Event: 26.631 Thread 0x00000183740bacb0 11205       3       java.lang.Thread::threadState (11 bytes)
Event: 26.631 Thread 0x00000183740bacb0 nmethod 11205 0x000001835c175110 code [0x000001835c1752c0, 0x000001835c175400]
Event: 26.631 Thread 0x00000183740bacb0 11206       3       jdk.internal.misc.VM::toThreadState (68 bytes)
Event: 26.631 Thread 0x00000183740bacb0 nmethod 11206 0x000001835c165a10 code [0x000001835c165c00, 0x000001835c165f60]
Event: 26.633 Thread 0x00000183740bacb0 11207   !   3       java.util.concurrent.ConcurrentHashMap::putVal (432 bytes)
Event: 26.634 Thread 0x00000183740bacb0 nmethod 11207 0x000001835b2ecc10 code [0x000001835b2ecf80, 0x000001835b2ee930]
Event: 26.634 Thread 0x00000183740bacb0 11208       3       org.gradle.internal.resources.AbstractResourceLockRegistry::detailsForCurrentThread (54 bytes)
Event: 26.635 Thread 0x00000183740bacb0 nmethod 11208 0x000001835b7ad810 code [0x000001835b7ada60, 0x000001835b7ae3d8]
Event: 26.635 Thread 0x00000183740bacb0 11209   !   3       org.gradle.internal.resources.DefaultResourceLockCoordinationService::getCurrent (33 bytes)
Event: 26.635 Thread 0x00000183740bacb0 nmethod 11209 0x000001835c165490 code [0x000001835c165640, 0x000001835c1658f8]
Event: 26.635 Thread 0x00000183740bacb0 11210       1       org.gradle.internal.resources.AbstractResourceLockRegistry$ThreadLockDetails::access$100 (5 bytes)
Event: 26.635 Thread 0x00000183740bacb0 nmethod 11210 0x0000018362eec910 code [0x0000018362eecaa0, 0x0000018362eecb50]

GC Heap History (20 events):
Event: 16.356 GC heap before
{Heap before GC invocations=24 (full 0):
 garbage-first heap   total 155648K, used 143764K [0x0000000080000000, 0x0000000100000000)
  region size 1024K, 64 young (65536K), 8 survivors (8192K)
 Metaspace       used 60250K, committed 61568K, reserved 1114112K
  class space    used 8404K, committed 9024K, reserved 1048576K
}
Event: 16.361 GC heap after
{Heap after GC invocations=25 (full 0):
 garbage-first heap   total 155648K, used 87935K [0x0000000080000000, 0x0000000100000000)
  region size 1024K, 6 young (6144K), 6 survivors (6144K)
 Metaspace       used 60250K, committed 61568K, reserved 1114112K
  class space    used 8404K, committed 9024K, reserved 1048576K
}
Event: 17.155 GC heap before
{Heap before GC invocations=25 (full 0):
 garbage-first heap   total 155648K, used 148351K [0x0000000080000000, 0x0000000100000000)
  region size 1024K, 57 young (58368K), 6 survivors (6144K)
 Metaspace       used 64196K, committed 65664K, reserved 1114112K
  class space    used 8855K, committed 9536K, reserved 1048576K
}
Event: 17.158 GC heap after
{Heap after GC invocations=26 (full 0):
 garbage-first heap   total 190464K, used 96808K [0x0000000080000000, 0x0000000100000000)
  region size 1024K, 4 young (4096K), 4 survivors (4096K)
 Metaspace       used 64196K, committed 65664K, reserved 1114112K
  class space    used 8855K, committed 9536K, reserved 1048576K
}
Event: 18.079 GC heap before
{Heap before GC invocations=26 (full 0):
 garbage-first heap   total 190464K, used 167464K [0x0000000080000000, 0x0000000100000000)
  region size 1024K, 74 young (75776K), 4 survivors (4096K)
 Metaspace       used 74474K, committed 76096K, reserved 1114112K
  class space    used 10417K, committed 11200K, reserved 1048576K
}
Event: 18.082 GC heap after
{Heap after GC invocations=27 (full 0):
 garbage-first heap   total 190464K, used 102235K [0x0000000080000000, 0x0000000100000000)
  region size 1024K, 9 young (9216K), 9 survivors (9216K)
 Metaspace       used 74474K, committed 76096K, reserved 1114112K
  class space    used 10417K, committed 11200K, reserved 1048576K
}
Event: 19.471 GC heap before
{Heap before GC invocations=27 (full 0):
 garbage-first heap   total 190464K, used 160603K [0x0000000080000000, 0x0000000100000000)
  region size 1024K, 68 young (69632K), 9 survivors (9216K)
 Metaspace       used 78791K, committed 80384K, reserved 1179648K
  class space    used 10967K, committed 11776K, reserved 1048576K
}
Event: 19.494 GC heap after
{Heap after GC invocations=28 (full 0):
 garbage-first heap   total 190464K, used 108910K [0x0000000080000000, 0x0000000100000000)
  region size 1024K, 7 young (7168K), 7 survivors (7168K)
 Metaspace       used 78791K, committed 80384K, reserved 1179648K
  class space    used 10967K, committed 11776K, reserved 1048576K
}
Event: 20.587 GC heap before
{Heap before GC invocations=29 (full 0):
 garbage-first heap   total 190464K, used 177518K [0x0000000080000000, 0x0000000100000000)
  region size 1024K, 69 young (70656K), 7 survivors (7168K)
 Metaspace       used 83405K, committed 85120K, reserved 1179648K
  class space    used 11538K, committed 12352K, reserved 1048576K
}
Event: 20.591 GC heap after
{Heap after GC invocations=30 (full 0):
 garbage-first heap   total 193536K, used 121281K [0x0000000080000000, 0x0000000100000000)
  region size 1024K, 8 young (8192K), 8 survivors (8192K)
 Metaspace       used 83405K, committed 85120K, reserved 1179648K
  class space    used 11538K, committed 12352K, reserved 1048576K
}
Event: 21.027 GC heap before
{Heap before GC invocations=30 (full 0):
 garbage-first heap   total 193536K, used 180673K [0x0000000080000000, 0x0000000100000000)
  region size 1024K, 60 young (61440K), 8 survivors (8192K)
 Metaspace       used 87697K, committed 89408K, reserved 1179648K
  class space    used 12165K, committed 12992K, reserved 1048576K
}
Event: 21.030 GC heap after
{Heap after GC invocations=31 (full 0):
 garbage-first heap   total 197632K, used 131352K [0x0000000080000000, 0x0000000100000000)
  region size 1024K, 7 young (7168K), 7 survivors (7168K)
 Metaspace       used 87697K, committed 89408K, reserved 1179648K
  class space    used 12165K, committed 12992K, reserved 1048576K
}
Event: 21.497 GC heap before
{Heap before GC invocations=31 (full 0):
 garbage-first heap   total 197632K, used 178456K [0x0000000080000000, 0x0000000100000000)
  region size 1024K, 53 young (54272K), 7 survivors (7168K)
 Metaspace       used 91127K, committed 92928K, reserved 1179648K
  class space    used 12631K, committed 13504K, reserved 1048576K
}
Event: 21.507 GC heap after
{Heap after GC invocations=32 (full 0):
 garbage-first heap   total 197632K, used 128488K [0x0000000080000000, 0x0000000100000000)
  region size 1024K, 4 young (4096K), 4 survivors (4096K)
 Metaspace       used 91127K, committed 92928K, reserved 1179648K
  class space    used 12631K, committed 13504K, reserved 1048576K
}
Event: 22.182 GC heap before
{Heap before GC invocations=33 (full 0):
 garbage-first heap   total 215040K, used 180712K [0x0000000080000000, 0x0000000100000000)
  region size 1024K, 55 young (56320K), 4 survivors (4096K)
 Metaspace       used 96144K, committed 97920K, reserved 1179648K
  class space    used 13324K, committed 14208K, reserved 1048576K
}
Event: 22.185 GC heap after
{Heap after GC invocations=34 (full 0):
 garbage-first heap   total 215040K, used 132566K [0x0000000080000000, 0x0000000100000000)
  region size 1024K, 7 young (7168K), 7 survivors (7168K)
 Metaspace       used 96144K, committed 97920K, reserved 1179648K
  class space    used 13324K, committed 14208K, reserved 1048576K
}
Event: 22.744 GC heap before
{Heap before GC invocations=34 (full 0):
 garbage-first heap   total 215040K, used 195030K [0x0000000080000000, 0x0000000100000000)
  region size 1024K, 67 young (68608K), 7 survivors (7168K)
 Metaspace       used 100348K, committed 102208K, reserved 1179648K
  class space    used 13986K, committed 14848K, reserved 1048576K
}
Event: 22.750 GC heap after
{Heap after GC invocations=35 (full 0):
 garbage-first heap   total 215040K, used 133743K [0x0000000080000000, 0x0000000100000000)
  region size 1024K, 7 young (7168K), 7 survivors (7168K)
 Metaspace       used 100348K, committed 102208K, reserved 1179648K
  class space    used 13986K, committed 14848K, reserved 1048576K
}
Event: 23.397 GC heap before
{Heap before GC invocations=35 (full 0):
 garbage-first heap   total 215040K, used 189039K [0x0000000080000000, 0x0000000100000000)
  region size 1024K, 62 young (63488K), 7 survivors (7168K)
 Metaspace       used 104567K, committed 106560K, reserved 1179648K
  class space    used 14683K, committed 15616K, reserved 1048576K
}
Event: 23.401 GC heap after
{Heap after GC invocations=36 (full 0):
 garbage-first heap   total 215040K, used 136547K [0x0000000080000000, 0x0000000100000000)
  region size 1024K, 5 young (5120K), 5 survivors (5120K)
 Metaspace       used 104567K, committed 106560K, reserved 1179648K
  class space    used 14683K, committed 15616K, reserved 1048576K
}

Dll operation events (3 events):
Event: 0.091 Loaded shared library C:\Program Files\Android\Android Studio\jbr\bin\java.dll
Event: 0.104 Loaded shared library C:\Program Files\Android\Android Studio\jbr\bin\zip.dll
Event: 0.694 Loaded shared library C:\Program Files\Android\Android Studio\jbr\bin\verify.dll

Deoptimization events (20 events):
Event: 26.612 Thread 0x000001837607c520 Uncommon trap: trap_request=0xffffff45 fr.pc=0x0000018362fa40c0 relative=0x00000000000003a0
Event: 26.612 Thread 0x000001837607c520 Uncommon trap: reason=unstable_if action=reinterpret pc=0x0000018362fa40c0 method=org.gradle.internal.service.DefaultServiceRegistry$OwnServices.getService(Ljava/lang/reflect/Type;)Lorg/gradle/internal/service/Service; @ 27 c2
Event: 26.612 Thread 0x000001837607c520 DEOPT PACKING pc=0x0000018362fa40c0 sp=0x00000046ad1fb730
Event: 26.612 Thread 0x000001837607c520 DEOPT UNPACKING pc=0x00000183627546a2 sp=0x00000046ad1fb698 mode 2
Event: 26.631 Thread 0x0000018377413290 Uncommon trap: trap_request=0xffffffc6 fr.pc=0x0000018363103bec relative=0x00000000000012ac
Event: 26.631 Thread 0x00000183763d6ad0 Uncommon trap: trap_request=0xffffff45 fr.pc=0x00000183631038dc relative=0x0000000000000f9c
Event: 26.631 Thread 0x0000018377413290 Uncommon trap: reason=bimorphic_or_optimized_type_check action=maybe_recompile pc=0x0000018363103bec method=java.util.concurrent.ConcurrentHashMap.putVal(Ljava/lang/Object;Ljava/lang/Object;Z)Ljava/lang/Object; @ 159 c2
Event: 26.631 Thread 0x00000183763d6ad0 Uncommon trap: reason=unstable_if action=reinterpret pc=0x00000183631038dc method=java.util.concurrent.ConcurrentHashMap.putVal(Ljava/lang/Object;Ljava/lang/Object;Z)Ljava/lang/Object; @ 97 c2
Event: 26.631 Thread 0x0000018377413290 DEOPT PACKING pc=0x0000018363103bec sp=0x00000046b0bfcca0
Event: 26.631 Thread 0x00000183763d6ad0 DEOPT PACKING pc=0x00000183631038dc sp=0x00000046b0cfdd10
Event: 26.631 Thread 0x0000018377413290 DEOPT UNPACKING pc=0x00000183627546a2 sp=0x00000046b0bfcc30 mode 2
Event: 26.631 Thread 0x0000018377413290 Uncommon trap: trap_request=0xffffff54 fr.pc=0x00000183630667ec relative=0x000000000000062c
Event: 26.631 Thread 0x00000183763d6ad0 DEOPT UNPACKING pc=0x00000183627546a2 sp=0x00000046b0cfdca8 mode 2
Event: 26.631 Thread 0x00000183763d6ad0 Uncommon trap: trap_request=0xffffff54 fr.pc=0x00000183630667ec relative=0x000000000000062c
Event: 26.631 Thread 0x0000018377413290 Uncommon trap: reason=speculate_null_assert action=make_not_entrant pc=0x00000183630667ec method=jdk.internal.util.ReferencedKeyMap.internKey(Ljdk/internal/util/ReferencedKeyMap;Ljava/lang/Object;)Ljava/lang/Object; @ 28 c2
Event: 26.632 Thread 0x00000183763d6ad0 Uncommon trap: reason=speculate_null_assert action=make_not_entrant pc=0x00000183630667ec method=jdk.internal.util.ReferencedKeyMap.internKey(Ljdk/internal/util/ReferencedKeyMap;Ljava/lang/Object;)Ljava/lang/Object; @ 28 c2
Event: 26.632 Thread 0x0000018377413290 DEOPT PACKING pc=0x00000183630667ec sp=0x00000046b0bfcd60
Event: 26.632 Thread 0x00000183763d6ad0 DEOPT PACKING pc=0x00000183630667ec sp=0x00000046b0cfddd0
Event: 26.632 Thread 0x0000018377413290 DEOPT UNPACKING pc=0x00000183627546a2 sp=0x00000046b0bfcd38 mode 2
Event: 26.632 Thread 0x00000183763d6ad0 DEOPT UNPACKING pc=0x00000183627546a2 sp=0x00000046b0cfdda8 mode 2

Classes loaded (20 events):
Event: 22.044 Loading class java/util/ArrayList$SubList$1
Event: 22.045 Loading class java/util/ArrayList$SubList$1 done
Event: 22.546 Loading class java/util/regex/Pattern$Caret
Event: 22.546 Loading class java/util/regex/Pattern$Caret done
Event: 23.324 Loading class java/lang/AbstractMethodError
Event: 23.325 Loading class java/lang/AbstractMethodError done
Event: 23.377 Loading class java/io/NotSerializableException
Event: 23.378 Loading class java/io/NotSerializableException done
Event: 23.498 Loading class java/util/TreeMap$AscendingSubMap
Event: 23.498 Loading class java/util/TreeMap$NavigableSubMap
Event: 23.498 Loading class java/util/TreeMap$NavigableSubMap done
Event: 23.498 Loading class java/util/TreeMap$AscendingSubMap done
Event: 23.499 Loading class java/util/TreeMap$NavigableSubMap$SubMapKeyIterator
Event: 23.499 Loading class java/util/TreeMap$NavigableSubMap$SubMapIterator
Event: 23.499 Loading class java/util/TreeMap$NavigableSubMap$SubMapIterator done
Event: 23.499 Loading class java/util/TreeMap$NavigableSubMap$SubMapKeyIterator done
Event: 26.606 Loading class java/util/IdentityHashMap$KeyIterator
Event: 26.607 Loading class java/util/IdentityHashMap$IdentityHashMapIterator
Event: 26.607 Loading class java/util/IdentityHashMap$IdentityHashMapIterator done
Event: 26.607 Loading class java/util/IdentityHashMap$KeyIterator done

Classes unloaded (12 events):
Event: 19.533 Thread 0x000001836f77e550 Unloading class 0x00000001008d8988 '_BuildScript_$_run_closure1$_closure2'
Event: 19.534 Thread 0x000001836f77e550 Unloading class 0x00000001008d8568 '_BuildScript_$_run_closure1'
Event: 19.534 Thread 0x000001836f77e550 Unloading class 0x00000001008d8000 '_BuildScript_'
Event: 21.533 Thread 0x000001836f77e550 Unloading class 0x00000001008e5a08 '_BuildScript_$_run_closure1$_closure3'
Event: 21.533 Thread 0x000001836f77e550 Unloading class 0x00000001008e55e8 '_BuildScript_$_run_closure1$_closure2'
Event: 21.533 Thread 0x000001836f77e550 Unloading class 0x00000001008e51c8 '_BuildScript_$_run_closure1'
Event: 21.533 Thread 0x000001836f77e550 Unloading class 0x00000001008e4c60 '_BuildScript_'
Event: 21.533 Thread 0x000001836f77e550 Unloading class 0x00000001008e4840 'JetGradlePlugin$_apply_closure1$_closure2$_closure3'
Event: 21.533 Thread 0x000001836f77e550 Unloading class 0x00000001008e4420 'JetGradlePlugin$_apply_closure1$_closure2'
Event: 21.533 Thread 0x000001836f77e550 Unloading class 0x00000001008e4000 'JetGradlePlugin$_apply_closure1'
Event: 21.533 Thread 0x000001836f77e550 Unloading class 0x00000001008da300 'JetGradlePlugin'
Event: 21.533 Thread 0x000001836f77e550 Unloading class 0x00000001008da000 'RegistryProcessor'

Classes redefined (0 events):
No events

Internal exceptions (20 events):
Event: 20.857 Thread 0x000001837607c520 Exception <a 'java/lang/NoSuchMethodError'{0x0000000089b9a7a0}: 'java.lang.Object java.lang.invoke.DelegatingMethodHandle$Holder.reinvoke_L(java.lang.Object, java.lang.Object, java.lang.Object, java.lang.Object, java.lang.Object, java.lang.Object, java.lang.Object, java.lang.Object, java.lang.Object, java.lang.Object, java.lang.Object, java.lang.Object, java.lang.Object, java.lang.Object, java.lang.Object, java.lang.Object)'> (0x0000000089b9a7a0) 
thrown [s\src\hotspot\share\interpreter\linkResolver.cpp, l
Event: 23.073 Thread 0x000001837607c520 Exception <a 'java/lang/NoSuchMethodError'{0x000000008b34f4b8}: 'java.lang.Object java.lang.invoke.Invokers$Holder.invokeExact_MT(java.lang.Object, java.lang.Object, java.lang.Object, int, java.lang.Object, java.lang.Object)'> (0x000000008b34f4b8) 
thrown [s\src\hotspot\share\interpreter\linkResolver.cpp, line 784]
Event: 23.250 Thread 0x000001837607c520 Exception <a 'java/lang/ClassNotFoundException'{0x000000008a2e1e58}: com/android/build/gradle/internal/api/ApkVariantOutputImpl_DecoratedBeanInfo> (0x000000008a2e1e58) 
thrown [s\src\hotspot\share\classfile\systemDictionary.cpp, line 312]
Event: 23.251 Thread 0x000001837607c520 Exception <a 'java/lang/ClassNotFoundException'{0x000000008a2f0df8}: com/android/build/gradle/internal/api/ApkVariantOutputImplBeanInfo> (0x000000008a2f0df8) 
thrown [s\src\hotspot\share\classfile\systemDictionary.cpp, line 312]
Event: 23.251 Thread 0x000001837607c520 Exception <a 'java/lang/ClassNotFoundException'{0x000000008a1002f0}: com/android/build/gradle/internal/api/BaseVariantOutputImplBeanInfo> (0x000000008a1002f0) 
thrown [s\src\hotspot\share\classfile\systemDictionary.cpp, line 312]
Event: 23.251 Thread 0x000001837607c520 Exception <a 'java/lang/ClassNotFoundException'{0x000000008a10f558}: com/android/build/gradle/internal/api/BaseVariantOutputImplCustomizer> (0x000000008a10f558) 
thrown [s\src\hotspot\share\classfile\systemDictionary.cpp, line 312]
Event: 23.252 Thread 0x000001837607c520 Exception <a 'java/lang/ClassNotFoundException'{0x000000008a131a70}: com/android/build/gradle/internal/api/ApkVariantOutputImplCustomizer> (0x000000008a131a70) 
thrown [s\src\hotspot\share\classfile\systemDictionary.cpp, line 312]
Event: 23.253 Thread 0x000001837607c520 Exception <a 'java/lang/ClassNotFoundException'{0x000000008a14e840}: com/android/build/gradle/internal/api/ApkVariantOutputImpl_DecoratedCustomizer> (0x000000008a14e840) 
thrown [s\src\hotspot\share\classfile\systemDictionary.cpp, line 312]
Event: 23.259 Thread 0x000001837607c520 Exception <a 'java/lang/NoClassDefFoundError'{0x000000008a066e38}: org/jetbrains/kotlin/gradle/plugin/KotlinBasePluginWrapper> (0x000000008a066e38) 
thrown [s\src\hotspot\share\classfile\systemDictionary.cpp, line 301]
Event: 23.370 Thread 0x0000018375fd33c0 Exception <a 'java/lang/NoSuchMethodError'{0x00000000897093b0}: static Lorg/gradle/internal/build/event/types/DefaultOperationFinishedProgressEvent;.<clinit>()V> (0x00000000897093b0) 
thrown [s\src\hotspot\share\prims\jni.cpp, line 1144]
Event: 23.371 Thread 0x0000018375fd33c0 Exception <a 'java/lang/NoSuchMethodError'{0x0000000089727c80}: static Lorg/gradle/internal/build/event/types/DefaultSuccessResult;.<clinit>()V> (0x0000000089727c80) 
thrown [s\src\hotspot\share\prims\jni.cpp, line 1144]
Event: 23.371 Thread 0x0000018375fd33c0 Exception <a 'java/lang/NoSuchMethodError'{0x0000000089728e08}: static Lorg/gradle/internal/build/event/types/AbstractOperationResult;.<clinit>()V> (0x0000000089728e08) 
thrown [s\src\hotspot\share\prims\jni.cpp, line 1144]
Event: 23.371 Thread 0x0000018375fd33c0 Exception <a 'java/lang/NoSuchMethodError'{0x0000000089729fe0}: static Lorg/gradle/internal/build/event/types/AbstractResult;.<clinit>()V> (0x0000000089729fe0) 
thrown [s\src\hotspot\share\prims\jni.cpp, line 1144]
Event: 23.494 Thread 0x000001837607c520 Exception <a 'java/lang/NoSuchMethodError'{0x00000000ff6e1248}: 'java.lang.Object java.lang.invoke.DirectMethodHandle$Holder.invokeSpecialIFC(java.lang.Object, java.lang.Object, java.lang.Object)'> (0x00000000ff6e1248) 
thrown [s\src\hotspot\share\interpreter\linkResolver.cpp, line 784]
Event: 23.499 Thread 0x000001837607c520 Exception <a 'java/lang/NoSuchMethodError'{0x000000008d8238a8}: 'void java.lang.invoke.DirectMethodHandle$Holder.invokeSpecial(java.lang.Object, java.lang.Object, java.lang.Object, java.lang.Object, java.lang.Object, java.lang.Object, java.lang.Object, java.lang.Object, java.lang.Object)'> (0x000000008d8238a8) 
thrown [s\src\hotspot\share\interpreter\linkResolver.cpp, line 784]
Event: 24.519 Thread 0x0000018377413290 Implicit null exception at 0x00000183630c5c0b to 0x00000183630c5cd0
Event: 24.519 Thread 0x0000018377413290 Implicit null exception at 0x0000018362fbcbee to 0x0000018362fbd2a0
Event: 24.527 Thread 0x0000018375fd33c0 Exception <a 'java/lang/NoSuchMethodError'{0x000000008d608270}: static Lorg/gradle/tooling/internal/provider/PhasedBuildActionResult;.<clinit>()V> (0x000000008d608270) 
thrown [s\src\hotspot\share\prims\jni.cpp, line 1144]
Event: 24.527 Thread 0x0000018375fd33c0 Exception <a 'java/lang/NoSuchMethodError'{0x000000008d612230}: static Lorg/gradle/tooling/internal/provider/serialization/SerializedPayload;.<clinit>()V> (0x000000008d612230) 
thrown [s\src\hotspot\share\prims\jni.cpp, line 1144]
Event: 24.528 Thread 0x0000018375fd33c0 Exception <a 'java/lang/NoSuchMethodError'{0x000000008d616090}: static [B.<clinit>()V> (0x000000008d616090) 
thrown [s\src\hotspot\share\prims\jni.cpp, line 1144]

ZGC Phase Switch (0 events):
No events

VM Operations (20 events):
Event: 21.577 Executing VM operation: G1PauseCleanup
Event: 21.578 Executing VM operation: G1PauseCleanup done
Event: 22.182 Executing VM operation: G1CollectForAllocation (G1 Evacuation Pause)
Event: 22.185 Executing VM operation: G1CollectForAllocation (G1 Evacuation Pause) done
Event: 22.744 Executing VM operation: G1CollectForAllocation (G1 Evacuation Pause)
Event: 22.750 Executing VM operation: G1CollectForAllocation (G1 Evacuation Pause) done
Event: 23.328 Executing VM operation: ICBufferFull
Event: 23.328 Executing VM operation: ICBufferFull done
Event: 23.397 Executing VM operation: G1TryInitiateConcMark (G1 Humongous Allocation)
Event: 23.401 Executing VM operation: G1TryInitiateConcMark (G1 Humongous Allocation) done
Event: 23.425 Executing VM operation: G1PauseRemark
Event: 23.429 Executing VM operation: G1PauseRemark done
Event: 23.443 Executing VM operation: G1PauseCleanup
Event: 23.444 Executing VM operation: G1PauseCleanup done
Event: 24.457 Executing VM operation: Cleanup
Event: 24.519 Executing VM operation: Cleanup done
Event: 25.525 Executing VM operation: Cleanup
Event: 26.594 Executing VM operation: Cleanup done
Event: 27.596 Executing VM operation: Cleanup
Event: 27.596 Executing VM operation: Cleanup done

Memory protections (0 events):
No events

Nmethod flushes (20 events):
Event: 23.428 Thread 0x000001836f77e550 flushing  nmethod 0x000001835b235e90
Event: 23.428 Thread 0x000001836f77e550 flushing  nmethod 0x000001835b237010
Event: 23.428 Thread 0x000001836f77e550 flushing  nmethod 0x000001835b56e410
Event: 23.428 Thread 0x000001836f77e550 flushing  nmethod 0x000001835b7ad810
Event: 23.428 Thread 0x000001836f77e550 flushing  nmethod 0x000001835b7ae410
Event: 23.428 Thread 0x000001836f77e550 flushing  nmethod 0x000001835b829810
Event: 23.428 Thread 0x000001836f77e550 flushing  nmethod 0x000001835bf75e90
Event: 23.428 Thread 0x000001836f77e550 flushing  nmethod 0x0000018362de6290
Event: 23.428 Thread 0x000001836f77e550 flushing  nmethod 0x000001836302b190
Event: 23.428 Thread 0x000001836f77e550 flushing  nmethod 0x000001835b1d1010
Event: 23.428 Thread 0x000001836f77e550 flushing  nmethod 0x000001835b221690
Event: 23.428 Thread 0x000001836f77e550 flushing  nmethod 0x000001835b526d10
Event: 23.428 Thread 0x000001836f77e550 flushing  nmethod 0x000001835b62c410
Event: 23.428 Thread 0x000001836f77e550 flushing  nmethod 0x000001835b630710
Event: 23.428 Thread 0x000001836f77e550 flushing  nmethod 0x000001835b7b0890
Event: 23.428 Thread 0x000001836f77e550 flushing  nmethod 0x000001835b7b3290
Event: 23.428 Thread 0x000001836f77e550 flushing  nmethod 0x000001835b7b4010
Event: 23.428 Thread 0x000001836f77e550 flushing  nmethod 0x000001835b7b4490
Event: 23.428 Thread 0x000001836f77e550 flushing  nmethod 0x000001835bb01410
Event: 23.428 Thread 0x000001836f77e550 flushing osr nmethod 0x000001835c126690

Events (20 events):
Event: 19.164 Thread 0x000001837607c520 Thread added: 0x00000183783ca380
Event: 19.164 Thread 0x000001837607c520 Thread added: 0x00000183773b1130
Event: 19.165 Thread 0x000001837607c520 Thread added: 0x00000183773afd80
Event: 19.165 Thread 0x000001837607c520 Thread added: 0x00000183773b0aa0
Event: 20.892 Thread 0x000001837607c520 Thread added: 0x00000183773af6f0
Event: 23.495 Thread 0x000001837607c520 Thread added: 0x0000018377413290
Event: 24.524 Thread 0x0000018377413290 Thread exited: 0x0000018377413290
Event: 26.612 Thread 0x00000183740bacb0 Thread added: 0x00000183740bdc60
Event: 26.626 Thread 0x000001837607c520 Thread added: 0x0000018377413290
Event: 26.631 Thread 0x0000018377413290 Thread added: 0x00000183763d6ad0
Event: 26.631 Thread 0x0000018377413290 Thread added: 0x00000183763d5720
Event: 26.631 Thread 0x0000018377413290 Thread added: 0x00000183763d8510
Event: 26.631 Thread 0x0000018377413290 Thread added: 0x00000183763d77f0
Event: 26.631 Thread 0x0000018377413290 Thread added: 0x00000183763d9230
Event: 26.631 Thread 0x0000018377413290 Thread added: 0x00000183763d8ba0
Event: 26.631 Thread 0x0000018377413290 Thread added: 0x00000183763d5db0
Event: 26.631 Thread 0x0000018377413290 Thread added: 0x00000183763d6440
Event: 26.631 Thread 0x0000018377413290 Thread added: 0x00000183763d7e80
Event: 26.631 Thread 0x0000018377413290 Thread added: 0x00000183763d98c0
Event: 26.631 Thread 0x0000018377413290 Thread added: 0x00000183763d9f50


Dynamic libraries:
0x00007ff660050000 - 0x00007ff66005a000 	C:\Program Files\Android\Android Studio\jbr\bin\java.exe
0x00007ffa66060000 - 0x00007ffa662c6000 	C:\WINDOWS\SYSTEM32\ntdll.dll
0x00007ffa64240000 - 0x00007ffa64309000 	C:\WINDOWS\System32\KERNEL32.DLL
0x00007ffa63890000 - 0x00007ffa63c8a000 	C:\WINDOWS\System32\KERNELBASE.dll
0x00007ffa63520000 - 0x00007ffa6366c000 	C:\WINDOWS\System32\ucrtbase.dll
0x00007ffa31780000 - 0x00007ffa3179b000 	C:\Program Files\Android\Android Studio\jbr\bin\VCRUNTIME140.dll
0x00007ffa30340000 - 0x00007ffa30358000 	C:\Program Files\Android\Android Studio\jbr\bin\jli.dll
0x00007ffa64070000 - 0x00007ffa64237000 	C:\WINDOWS\System32\USER32.dll
0x00007ffa63670000 - 0x00007ffa63697000 	C:\WINDOWS\System32\win32u.dll
0x00007ffa65d90000 - 0x00007ffa65dbb000 	C:\WINDOWS\System32\GDI32.dll
0x00007ffa313c0000 - 0x00007ffa31652000 	C:\WINDOWS\WinSxS\amd64_microsoft.windows.common-controls_6595b64144ccf1df_6.0.26100.8521_none_3e08b75ce33403b3\COMCTL32.dll
0x00007ffa63760000 - 0x00007ffa6388b000 	C:\WINDOWS\System32\gdi32full.dll
0x00007ffa65f10000 - 0x00007ffa65fb9000 	C:\WINDOWS\System32\msvcrt.dll
0x00007ffa63470000 - 0x00007ffa63513000 	C:\WINDOWS\System32\msvcp_win.dll
0x00007ffa63dd0000 - 0x00007ffa63e02000 	C:\WINDOWS\System32\IMM32.DLL
0x00007ffa31b30000 - 0x00007ffa31b3c000 	C:\Program Files\Android\Android Studio\jbr\bin\vcruntime140_1.dll
0x00007ff9e8640000 - 0x00007ff9e86cd000 	C:\Program Files\Android\Android Studio\jbr\bin\msvcp140.dll
0x00007ff9a4820000 - 0x00007ff9a54b6000 	C:\Program Files\Android\Android Studio\jbr\bin\server\jvm.dll
0x00007ffa659e0000 - 0x00007ffa65a96000 	C:\WINDOWS\System32\ADVAPI32.dll
0x00007ffa64320000 - 0x00007ffa643ca000 	C:\WINDOWS\System32\sechost.dll
0x00007ffa645b0000 - 0x00007ffa646c8000 	C:\WINDOWS\System32\RPCRT4.dll
0x00007ffa65dc0000 - 0x00007ffa65e40000 	C:\WINDOWS\System32\WS2_32.dll
0x00007ffa61f00000 - 0x00007ffa61f5e000 	C:\WINDOWS\SYSTEM32\POWRPROF.dll
0x00007ffa51090000 - 0x00007ffa5109b000 	C:\WINDOWS\SYSTEM32\VERSION.dll
0x00007ffa534a0000 - 0x00007ffa534d6000 	C:\WINDOWS\SYSTEM32\WINMM.dll
0x00007ffa61ee0000 - 0x00007ffa61ef4000 	C:\WINDOWS\SYSTEM32\UMPDC.dll
0x00007ffa621a0000 - 0x00007ffa621bb000 	C:\WINDOWS\SYSTEM32\kernel.appcore.dll
0x00007ffa31770000 - 0x00007ffa3177a000 	C:\Program Files\Android\Android Studio\jbr\bin\jimage.dll
0x00007ffa60800000 - 0x00007ffa60a42000 	C:\WINDOWS\SYSTEM32\DBGHELP.DLL
0x00007ffa64cc0000 - 0x00007ffa65043000 	C:\WINDOWS\System32\combase.dll
0x00007ffa64750000 - 0x00007ffa64829000 	C:\WINDOWS\System32\OLEAUT32.dll
0x00007ffa4b130000 - 0x00007ffa4b16b000 	C:\WINDOWS\SYSTEM32\dbgcore.DLL
0x00007ffa63d20000 - 0x00007ffa63dc8000 	C:\WINDOWS\System32\bcryptPrimitives.dll
0x00007ffa30330000 - 0x00007ffa3033e000 	C:\Program Files\Android\Android Studio\jbr\bin\instrument.dll
0x00007ffa303d0000 - 0x00007ffa303f0000 	C:\Program Files\Android\Android Studio\jbr\bin\java.dll
0x00007ffa303b0000 - 0x00007ffa303c8000 	C:\Program Files\Android\Android Studio\jbr\bin\zip.dll
0x00007ffa65050000 - 0x00007ffa657d4000 	C:\WINDOWS\System32\SHELL32.dll
0x00007ffa60f10000 - 0x00007ffa61790000 	C:\WINDOWS\SYSTEM32\windows.storage.dll
0x00007ffa65c90000 - 0x00007ffa65d86000 	C:\WINDOWS\System32\SHCORE.dll
0x00007ffa65870000 - 0x00007ffa658d7000 	C:\WINDOWS\System32\shlwapi.dll
0x00007ffa63210000 - 0x00007ffa63239000 	C:\WINDOWS\SYSTEM32\profapi.dll
0x00007ffa303a0000 - 0x00007ffa303b0000 	C:\Program Files\Android\Android Studio\jbr\bin\net.dll
0x00007ffa58e10000 - 0x00007ffa58f39000 	C:\WINDOWS\SYSTEM32\WINHTTP.dll
0x00007ffa62710000 - 0x00007ffa6277c000 	C:\WINDOWS\system32\mswsock.dll
0x00007ffa30380000 - 0x00007ffa30396000 	C:\Program Files\Android\Android Studio\jbr\bin\nio.dll
0x00007ffa30210000 - 0x00007ffa30220000 	C:\Program Files\Android\Android Studio\jbr\bin\verify.dll
0x00007ffa2bf00000 - 0x00007ffa2bf27000 	C:\Users\Brendo\.gradle\native\c067742578af261105cb4f569cf0c3c89f3d7b1fecec35dd04571415982c5e48\windows-amd64\native-platform.dll
0x00007ff9e84f0000 - 0x00007ff9e8634000 	C:\Users\Brendo\.gradle\native\38dada09dfb8b06ba9b0570ebf7e218e3eb74d4ef43ca46872605cf95ebc2f47\windows-amd64\native-platform-file-events.dll
0x00007ffa30240000 - 0x00007ffa30249000 	C:\Program Files\Android\Android Studio\jbr\bin\management.dll
0x00007ffa30230000 - 0x00007ffa3023b000 	C:\Program Files\Android\Android Studio\jbr\bin\management_ext.dll
0x00007ffa63f90000 - 0x00007ffa63f98000 	C:\WINDOWS\System32\PSAPI.DLL
0x00007ffa62a00000 - 0x00007ffa62a1b000 	C:\WINDOWS\SYSTEM32\CRYPTSP.dll
0x00007ffa62100000 - 0x00007ffa62139000 	C:\WINDOWS\system32\rsaenh.dll
0x00007ffa627c0000 - 0x00007ffa627f3000 	C:\WINDOWS\SYSTEM32\USERENV.dll
0x00007ffa631e0000 - 0x00007ffa6320a000 	C:\WINDOWS\SYSTEM32\bcrypt.dll
0x00007ffa629f0000 - 0x00007ffa629fc000 	C:\WINDOWS\SYSTEM32\CRYPTBASE.dll
0x00007ffa61b60000 - 0x00007ffa61b93000 	C:\WINDOWS\SYSTEM32\IPHLPAPI.DLL
0x00007ffa64310000 - 0x00007ffa6431a000 	C:\WINDOWS\System32\NSI.dll
0x00007ffa30370000 - 0x00007ffa30379000 	C:\Program Files\Android\Android Studio\jbr\bin\extnet.dll
0x00007ffa49ad0000 - 0x00007ffa49ad8000 	C:\WINDOWS\system32\wshunix.dll
0x00007ffa61c00000 - 0x00007ffa61d4a000 	C:\WINDOWS\SYSTEM32\DNSAPI.dll
0x00007ffa62510000 - 0x00007ffa6251d000 	C:\WINDOWS\SYSTEM32\DSPARSE.dll
0x00007ffa49ac0000 - 0x00007ffa49acb000 	C:\Windows\System32\rasadhlp.dll
0x00007ffa4b1f0000 - 0x00007ffa4b276000 	C:\WINDOWS\System32\fwpuclnt.dll

JVMTI agents:
C:\Users\Brendo\.gradle\wrapper\dists\gradle-8.6-bin\afr5mpiioh2wthjmwnkmdsd5w\gradle-8.6\lib\agents\gradle-instrumentation-agent-8.6.jar path:C:\Program Files\Android\Android Studio\jbr\bin\instrument.dll, loaded, initialized, instrumentlib options:none

dbghelp: loaded successfully - version: 4.0.5 - missing functions: none
symbol engine: initialized successfully - sym options: 0x614 - pdb path: .;C:\Program Files\Android\Android Studio\jbr\bin;C:\WINDOWS\SYSTEM32;C:\WINDOWS\WinSxS\amd64_microsoft.windows.common-controls_6595b64144ccf1df_6.0.26100.8521_none_3e08b75ce33403b3;C:\Program Files\Android\Android Studio\jbr\bin\server;C:\Users\Brendo\.gradle\native\c067742578af261105cb4f569cf0c3c89f3d7b1fecec35dd04571415982c5e48\windows-amd64;C:\Users\Brendo\.gradle\native\38dada09dfb8b06ba9b0570ebf7e218e3eb74d4ef43ca46872605cf95ebc2f47\windows-amd64

VM Arguments:
jvm_args: --add-opens=java.base/java.util=ALL-UNNAMED --add-opens=java.base/java.lang=ALL-UNNAMED --add-opens=java.base/java.lang.invoke=ALL-UNNAMED --add-opens=java.prefs/java.util.prefs=ALL-UNNAMED --add-opens=java.base/java.nio.charset=ALL-UNNAMED --add-opens=java.base/java.net=ALL-UNNAMED --add-opens=java.base/java.util.concurrent.atomic=ALL-UNNAMED -Xmx2048m -Dfile.encoding=UTF-8 -Duser.country=BR -Duser.language=pt -Duser.variant -javaagent:C:\Users\Brendo\.gradle\wrapper\dists\gradle-8.6-bin\afr5mpiioh2wthjmwnkmdsd5w\gradle-8.6\lib\agents\gradle-instrumentation-agent-8.6.jar 
java_command: org.gradle.launcher.daemon.bootstrap.GradleDaemon 8.6
java_class_path (initial): C:\Users\Brendo\.gradle\wrapper\dists\gradle-8.6-bin\afr5mpiioh2wthjmwnkmdsd5w\gradle-8.6\lib\gradle-launcher-8.6.jar
Launcher Type: SUN_STANDARD

[Global flags]
     intx CICompilerCount                          = 4                                         {product} {ergonomic}
     uint ConcGCThreads                            = 3                                         {product} {ergonomic}
     uint G1ConcRefinementThreads                  = 10                                        {product} {ergonomic}
   size_t G1HeapRegionSize                         = 1048576                                   {product} {ergonomic}
    uintx GCDrainStackTargetSize                   = 64                                        {product} {ergonomic}
   size_t InitialHeapSize                          = 79691776                                  {product} {ergonomic}
   size_t MarkStackSize                            = 4194304                                   {product} {ergonomic}
   size_t MaxHeapSize                              = 2147483648                                {product} {command line}
   size_t MaxNewSize                               = 1287651328                                {product} {ergonomic}
   size_t MinHeapDeltaBytes                        = 1048576                                   {product} {ergonomic}
   size_t MinHeapSize                              = 8388608                                   {product} {ergonomic}
    uintx NonNMethodCodeHeapSize                   = 5839372                                {pd product} {ergonomic}
    uintx NonProfiledCodeHeapSize                  = 122909434                              {pd product} {ergonomic}
    uintx ProfiledCodeHeapSize                     = 122909434                              {pd product} {ergonomic}
    uintx ReservedCodeCacheSize                    = 251658240                              {pd product} {ergonomic}
     bool SegmentedCodeCache                       = true                                      {product} {ergonomic}
   size_t SoftMaxHeapSize                          = 2147483648                             {manageable} {ergonomic}
     bool UseCompressedOops                        = true                           {product lp64_product} {ergonomic}
     bool UseG1GC                                  = true                                      {product} {ergonomic}
     bool UseLargePagesIndividualAllocation        = false                                  {pd product} {ergonomic}

Logging:
Log output configuration:
 #0: stdout all=warning uptime,level,tags foldmultilines=false
 #1: stderr all=off uptime,level,tags foldmultilines=false

Environment Variables:
PATH=C:\Ruby33-x64\bin;C:\Program Files (x86)\Common Files\Oracle\Java\javapath;C:\WINDOWS\system32;C:\WINDOWS;C:\WINDOWS\System32\Wbem;C:\WINDOWS\System32\WindowsPowerShell\v1.0\;C:\WINDOWS\System32\OpenSSH\;C:\Program Files (x86)\NVIDIA Corporation\PhysX\Common;C:\Program Files\Git\cmd;C:\Program Files\nodejs\;C:\Program Files\Docker\Docker\resources\bin;C:\Ruby33-x64\bin;C:\Program Files (x86)\Common Files\Oracle\Java\javapath;C:\WINDOWS\system32;C:\WINDOWS;C:\WINDOWS\System32\Wbem;C:\WINDOWS\System32\WindowsPowerShell\v1.0\;C:\WINDOWS\System32\OpenSSH\;C:\Program Files (x86)\NVIDIA Corporation\PhysX\Common;C:\Program Files\Git\cmd;C:\Program Files\nodejs\;C:\Program Files\Docker\Docker\resources\bin;C:\Ruby34-x64\bin;C:\Users\Brendo\AppData\Local\Microsoft\WindowsApps;C:\Users\Brendo\AppData\Local\Programs\Microsoft VS Code\bin;C:\Users\Brendo\AppData\Roaming\npm;C:\Users\Brendo\AppData\Local\Programs\Ollama;C:\Users\Brendo\AppData\Local\Python\bin;C:\Users\Brendo\.local\bin;C:\Users\Brendo\AppData\Local\Programs\Antigravity IDE\bin
USERNAME=Brendo
OS=Windows_NT
PROCESSOR_IDENTIFIER=Intel64 Family 6 Model 186 Stepping 2, GenuineIntel
TMP=C:\Users\Brendo\AppData\Local\Temp
TEMP=C:\Users\Brendo\AppData\Local\Temp




Periodic native trim disabled

JNI global refs:
JNI global refs: 28, weak refs: 1

JNI global refs memory usage: 835, weak refs: 833

Process memory usage:
Resident Set Size: 354088K (7% of 4980600K total physical memory with 729604K free physical memory)

OOME stack traces (most recent first):
Classloader memory used:
Loader org.gradle.internal.classloader.VisitableURLClassLoader                         : 44530K
Loader bootstrap                                                                       : 29863K
Loader org.gradle.internal.classloader.VisitableURLClassLoader$InstrumentingVisitableURLClassLoader: 17682K
Loader org.gradle.initialization.MixInLegacyTypesClassLoader                           : 11677K
Loader org.gradle.internal.classloader.VisitableURLClassLoader                         : 1510K
Loader jdk.internal.loader.ClassLoaders$PlatformClassLoader                            : 816K
Loader jdk.internal.reflect.DelegatingClassLoader                                      : 337K
Loader jdk.internal.loader.ClassLoaders$AppClassLoader                                 : 230K
Loader org.gradle.groovy.scripts.internal.DefaultScriptCompilationHandler$ScriptClassLoader: 90088B
Loader org.codehaus.groovy.runtime.callsite.CallSiteClassLoader                        : 45496B

Classes loaded by more than one classloader:
Class Program                                                                         : loaded 5 times (x 72B)
Class org.gradle.api.Action                                                           : loaded 3 times (x 70B)
Class org.gradle.internal.Cast                                                        : loaded 3 times (x 71B)
Class Build_gradle$1                                                                  : loaded 3 times (x 74B)
Class org.gradle.internal.IoActions                                                   : loaded 3 times (x 71B)
Class org.gradle.api.UncheckedIOException                                             : loaded 3 times (x 82B)
Class org.gradle.api.GradleException                                                  : loaded 3 times (x 82B)
Class Build_gradle                                                                    : loaded 3 times (x 130B)
Class com.intellij.gradle.toolingExtension.impl.model.sourceSetModel.GradleSourceSetSerialisationService$Companion: loaded 2 times (x 71B)
Class org.gradle.internal.classloader.ClassLoaderHierarchy                            : loaded 2 times (x 70B)
Class com.google.common.collect.ImmutableEnumSet                                      : loaded 2 times (x 146B)
Class com.google.common.util.concurrent.ExecutionError                                : loaded 2 times (x 82B)
Class com.google.common.collect.ImmutableList$1                                       : loaded 2 times (x 97B)
Class org.jetbrains.plugins.gradle.tooling.util.IntObjectMap$ObjectFactory            : loaded 2 times (x 70B)
Class org.gradle.api.internal.classpath.ManifestUtil                                  : loaded 2 times (x 71B)
Class com.google.common.collect.RegularImmutableMap                                   : loaded 2 times (x 121B)
Class com.google.common.collect.ImmutableMap$MapViewOfValuesAsSingletonSets           : loaded 2 times (x 125B)
Class org.jetbrains.plugins.gradle.model.AnnotationProcessingModel                    : loaded 2 times (x 70B)
Class org.jetbrains.plugins.gradle.model.GradleExtensions                             : loaded 2 times (x 70B)
Class org.gradle.tooling.internal.adapter.TargetTypeProvider                          : loaded 2 times (x 70B)
Class [Lorg.objectweb.asm.Symbol;                                                     : loaded 2 times (x 69B)
Class org.objectweb.asm.ClassVisitor                                                  : loaded 2 times (x 88B)
Class com.google.common.collect.UnmodifiableListIterator                              : loaded 2 times (x 95B)
Class org.gradle.internal.operations.MultipleBuildOperationFailures                   : loaded 2 times (x 95B)
Class org.objectweb.asm.MethodTooLargeException                                       : loaded 2 times (x 83B)
Class [Lcom.google.common.cache.CacheBuilder$OneWeigher;                              : loaded 2 times (x 69B)
Class com.google.common.base.Suppliers                                                : loaded 2 times (x 71B)
Class com.google.common.base.Platform$JdkPatternCompiler                              : loaded 2 times (x 75B)
Class com.intellij.util.containers.IntObjectHashMap$ArrayProducer                     : loaded 2 times (x 70B)
Class org.gradle.internal.classloader.DefaultClassLoaderFactory                       : loaded 2 times (x 82B)
Class com.google.common.base.CharMatcher$None                                         : loaded 2 times (x 112B)
Class kotlin.collections.AbstractList$Companion                                       : loaded 2 times (x 71B)
Class org.gradle.internal.classloader.ClassLoaderVisitor                              : loaded 2 times (x 76B)
Class [Lcom.google.common.collect.ImmutableMapEntry;                                  : loaded 2 times (x 69B)
Class org.jetbrains.plugins.gradle.tooling.serialization.internal.IdeaProjectSerializationService: loaded 2 times (x 77B)
Class org.gradle.api.internal.classpath.EffectiveClassPath                            : loaded 2 times (x 90B)
Class com.google.common.collect.ImmutableEnumMap                                      : loaded 2 times (x 125B)
Class com.google.common.collect.ListMultimap                                          : loaded 2 times (x 70B)
Class org.gradle.tooling.internal.gradle.DefaultProjectIdentifier                     : loaded 2 times (x 86B)
Class com.google.common.collect.Sets$1                                                : loaded 2 times (x 139B)
Class org.objectweb.asm.AnnotationVisitor                                             : loaded 2 times (x 78B)
Class com.google.common.base.Splitter                                                 : loaded 2 times (x 72B)
Class com.intellij.gradle.toolingExtension.impl.model.buildScriptClasspathModel.GradleBuildScriptClasspathSerializationService$ReadContext: loaded 2 times (x 72B)
Class org.gradle.internal.impldep.gnu.trove.TObjectIntHashMap                         : loaded 2 times (x 109B)
Class org.gradle.api.internal.DefaultClassPathProvider                                : loaded 2 times (x 76B)
Class com.google.common.collect.Sets$2                                                : loaded 2 times (x 139B)
Class [Lorg.gradle.api.internal.ClassPathProvider;                                    : loaded 2 times (x 69B)
Class org.gradle.api.internal.ClassPathProvider                                       : loaded 2 times (x 70B)
Class [Lorg.objectweb.asm.AnnotationVisitor;                                          : loaded 2 times (x 69B)
Class com.google.common.collect.Sets$3                                                : loaded 2 times (x 139B)
Class com.google.common.util.concurrent.AbstractFuture$SafeAtomicHelper               : loaded 2 times (x 79B)
Class com.google.common.cache.LocalCache$LocalLoadingCache                            : loaded 2 times (x 134B)
Class com.google.common.base.AbstractIterator$State                                   : loaded 2 times (x 79B)
Class org.gradle.internal.impldep.gnu.trove.TObjectHash$NULL                          : loaded 2 times (x 71B)
Class org.gradle.internal.service.UnknownServiceException                             : loaded 2 times (x 83B)
Class com.google.common.collect.Sets$4                                                : loaded 2 times (x 139B)
Class org.objectweb.asm.ModuleVisitor                                                 : loaded 2 times (x 81B)
Class com.google.common.cache.LocalCache$Strength$1                                   : loaded 2 times (x 81B)
Class org.jetbrains.kotlin.idea.gradleTooling.KotlinDslScriptAdditionalTask           : loaded 2 times (x 70B)
Class org.jetbrains.plugins.gradle.model.ClasspathEntryModel                          : loaded 2 times (x 70B)
Class com.google.common.util.concurrent.SettableFuture                                : loaded 2 times (x 114B)
Class com.google.common.cache.LocalCache$Strength$2                                   : loaded 2 times (x 81B)
Class org.jetbrains.plugins.gradle.tooling.serialization.GradleExtensionsSerializationService: loaded 2 times (x 77B)
Class org.gradle.tooling.model.Dependency                                             : loaded 2 times (x 70B)
Class com.google.common.cache.LocalCache$Strength$3                                   : loaded 2 times (x 81B)
Class com.google.common.collect.MapDifference                                         : loaded 2 times (x 70B)
Class com.google.common.base.Splitter$1                                               : loaded 2 times (x 77B)
Class com.intellij.openapi.externalSystem.model.project.dependencies.ResolutionState  : loaded 2 times (x 79B)
Class org.objectweb.asm.FieldWriter                                                   : loaded 2 times (x 78B)
Class com.google.common.cache.CacheBuilder$NullListener                               : loaded 2 times (x 82B)
Class org.gradle.internal.classpath.TransformedClassPath                              : loaded 2 times (x 96B)
Class com.google.common.cache.CacheLoader$FunctionToCacheLoader                       : loaded 2 times (x 75B)
Class com.google.common.collect.Iterators$ArrayItr                                    : loaded 2 times (x 97B)
Class com.google.common.collect.ImmutableCollection$Builder                           : loaded 2 times (x 76B)
Class kotlin.enums.EnumEntriesList                                                    : loaded 2 times (x 223B)
Class com.google.common.base.Joiner                                                   : loaded 2 times (x 79B)
Class com.google.common.base.MoreObjects                                              : loaded 2 times (x 71B)
Class [Lorg.objectweb.asm.Type;                                                       : loaded 2 times (x 69B)
Class com.google.common.collect.Platform                                              : loaded 2 times (x 71B)
Class com.google.common.collect.UnmodifiableIterator                                  : loaded 2 times (x 80B)
Class org.jetbrains.kotlin.idea.gradleTooling.KotlinSourceSetContainer                : loaded 2 times (x 70B)
Class org.jetbrains.plugins.gradle.model.IntelliJSettings                             : loaded 2 times (x 70B)
Class org.gradle.internal.service.ServiceLocator                                      : loaded 2 times (x 70B)
Class com.google.common.base.Ascii                                                    : loaded 2 times (x 71B)
Class com.google.common.collect.SingletonImmutableBiMap                               : loaded 2 times (x 143B)
Class com.google.common.cache.LocalCache$1                                            : loaded 2 times (x 89B)
Class com.google.common.collect.AbstractMapEntry                                      : loaded 2 times (x 81B)
Class com.intellij.gradle.toolingExtension.util.GradleVersionUtil                     : loaded 2 times (x 71B)
Class org.gradle.tooling.model.UnsupportedMethodException                             : loaded 2 times (x 82B)
Class com.google.common.collect.ImmutableList$Builder                                 : loaded 2 times (x 77B)
Class com.google.common.cache.LocalCache$2                                            : loaded 2 times (x 142B)
Class com.google.common.collect.AbstractMultimap                                      : loaded 2 times (x 123B)
Class com.google.common.util.concurrent.AbstractFuture$UnsafeAtomicHelper$1           : loaded 2 times (x 76B)
Class com.google.common.collect.RegularImmutableAsList                                : loaded 2 times (x 216B)
Class org.jetbrains.plugins.gradle.tooling.serialization.AnnotationProcessingModelSerializationService$WriteContext: loaded 2 times (x 72B)
Class org.gradle.internal.impldep.gnu.trove.THash                                     : loaded 2 times (x 81B)
Class com.google.common.util.concurrent.AbstractFuture$Trusted                        : loaded 2 times (x 70B)
Class com.google.common.collect.Iterators                                             : loaded 2 times (x 71B)
Class com.google.common.base.CharMatcher$RangesMatcher                                : loaded 2 times (x 112B)
Class org.jetbrains.plugins.gradle.tooling.serialization.ProjectDependenciesSerializationService$WriteContext: loaded 2 times (x 72B)
Class org.jetbrains.plugins.gradle.tooling.serialization.ProjectDependenciesSerializationService: loaded 2 times (x 77B)
Class org.gradle.tooling.internal.adapter.CollectionMapper                            : loaded 2 times (x 73B)
Class com.google.common.util.concurrent.UncheckedExecutionException                   : loaded 2 times (x 82B)
Class com.google.common.collect.Lists$StringAsImmutableList                           : loaded 2 times (x 207B)
Class org.gradle.kotlin.dsl.VersionCatalogAccessorsKt                                 : loaded 2 times (x 71B)
Class org.gradle.internal.impldep.gnu.trove.Equality                                  : loaded 2 times (x 70B)
Class com.google.common.base.CharMatcher$JavaLetterOrDigit                            : loaded 2 times (x 111B)
Class com.intellij.gradle.toolingExtension.impl.model.buildScriptClasspathModel.GradleBuildScriptClasspathSerializationService$WriteContext: loaded 2 times (x 72B)
Class org.gradle.tooling.internal.adapter.ProtocolToModelAdapter                      : loaded 2 times (x 80B)
Class org.gradle.internal.InternalTransformer                                         : loaded 2 times (x 70B)
Class org.objectweb.asm.ClassWriter                                                   : loaded 2 times (x 106B)
Class com.google.common.cache.CacheLoader$UnsupportedLoadingOperationException        : loaded 2 times (x 82B)
Class com.google.common.base.CharMatcher$And                                          : loaded 2 times (x 112B)
Class org.gradle.internal.impldep.gnu.trove.TObjectCanonicalHashingStrategy           : loaded 2 times (x 80B)
Class org.gradle.internal.time.DefaultTimer                                           : loaded 2 times (x 80B)
Class org.gradle.internal.classloader.ClasspathUtil$1                                 : loaded 2 times (x 76B)
Class com.google.common.base.Objects                                                  : loaded 2 times (x 71B)
Class org.objectweb.asm.FieldVisitor                                                  : loaded 2 times (x 77B)
Class com.google.common.collect.IndexedImmutableSet                                   : loaded 2 times (x 150B)
Class com.google.common.collect.ImmutableMap$1                                        : loaded 2 times (x 81B)
Class com.google.common.collect.BiMap                                                 : loaded 2 times (x 70B)
Class org.gradle.api.internal.classpath.DefaultModuleRegistry$DefaultModule           : loaded 2 times (x 86B)
Class com.google.common.primitives.Ints                                               : loaded 2 times (x 71B)
Class com.google.common.collect.AbstractIterator                                      : loaded 2 times (x 82B)
Class com.google.common.math.MathPreconditions                                        : loaded 2 times (x 71B)
Class com.google.common.collect.Multiset                                              : loaded 2 times (x 70B)
Class com.google.common.collect.ArrayListMultimapGwtSerializationDependencies         : loaded 2 times (x 172B)
Class com.google.common.collect.ObjectArrays                                          : loaded 2 times (x 71B)
Class com.google.common.collect.AbstractIndexedListIterator                           : loaded 2 times (x 96B)
Class org.gradle.internal.time.DefaultCountdownTimer                                  : loaded 2 times (x 88B)
Class com.google.common.collect.ImmutableMapEntrySet                                  : loaded 2 times (x 151B)
Class org.jetbrains.plugins.gradle.model.GradleTaskModel                              : loaded 2 times (x 70B)
Class org.jetbrains.plugins.gradle.tooling.util.ObjectCollector                       : loaded 2 times (x 72B)
Class org.gradle.tooling.internal.gradle.DefaultBuildIdentifier                       : loaded 2 times (x 79B)
Class kotlin.Function                                                                 : loaded 2 times (x 70B)
Class org.gradle.api.internal.classpath.Module                                        : loaded 2 times (x 70B)
Class com.google.common.cache.Weigher                                                 : loaded 2 times (x 70B)
Class org.gradle.api.internal.classpath.UnknownModuleException                        : loaded 2 times (x 82B)
Class org.gradle.cache.GlobalCache                                                    : loaded 2 times (x 70B)
Class com.google.common.base.Stopwatch                                                : loaded 2 times (x 72B)
Class com.google.common.cache.LocalCache$Strength                                     : loaded 2 times (x 81B)
Class com.google.common.cache.Cache                                                   : loaded 2 times (x 70B)
Class com.intellij.openapi.externalSystem.model.project.dependencies.ProjectDependencies: loaded 2 times (x 70B)
Class org.jetbrains.plugins.gradle.tooling.serialization.ProjectDependenciesSerializationService$ReadContext: loaded 2 times (x 72B)
Class org.gradle.internal.impldep.gnu.trove.TObjectIdentityHashingStrategy            : loaded 2 times (x 78B)
Class com.google.common.util.concurrent.AbstractFuture$Cancellation                   : loaded 2 times (x 72B)
Class com.google.common.collect.ImmutableMap$Builder                                  : loaded 2 times (x 82B)
Class com.google.common.base.NullnessCasts                                            : loaded 2 times (x 71B)
Class com.google.common.cache.RemovalListener                                         : loaded 2 times (x 70B)
Class org.jetbrains.plugins.gradle.tooling.serialization.RepositoriesModelSerializationService: loaded 2 times (x 82B)
Class sync_studio_tooling1_2w3zdj4h6mpkp8dvxxvbwub7l$_run_closure1                    : loaded 2 times (x 139B)
Class org.gradle.tooling.internal.gradle.GradleProjectIdentity                        : loaded 2 times (x 70B)
Class org.gradle.api.internal.DefaultClassPathRegistry                                : loaded 2 times (x 76B)
Class com.google.common.primitives.IntsMethodsForWeb                                  : loaded 2 times (x 71B)
Class com.google.common.collect.Multimap                                              : loaded 2 times (x 70B)
Class org.jetbrains.plugins.gradle.tooling.serialization.RepositoriesModelSerializationService$ReadContext: loaded 2 times (x 72B)
Class org.gradle.api.internal.ClassPathRegistry                                       : loaded 2 times (x 70B)
Class org.gradle.internal.classpath.DefaultClassPath$ImmutableUniqueList              : loaded 2 times (x 199B)
Class com.google.common.base.ExtraObjectsMethodsForWeb                                : loaded 2 times (x 71B)
Class com.intellij.gradle.toolingExtension.impl.model.projectModel.GradleExternalProjectSerializationService$WriteContext: loaded 2 times (x 73B)
Class com.google.common.base.CharMatcher$IsEither                                     : loaded 2 times (x 111B)
Class com.google.common.cache.CacheBuilder                                            : loaded 2 times (x 72B)
Class com.google.common.collect.SingletonImmutableList                                : loaded 2 times (x 207B)
Class Settings_gradle$1                                                               : loaded 2 times (x 74B)
Class [Lcom.google.common.base.AbstractIterator$State;                                : loaded 2 times (x 69B)
Class org.gradle.internal.classpath.ClassPath                                         : loaded 2 times (x 70B)
Class com.google.common.collect.ImmutableList$ReverseImmutableList                    : loaded 2 times (x 208B)
Class com.google.common.base.JdkPattern                                               : loaded 2 times (x 75B)
Class org.jetbrains.plugins.gradle.tooling.serialization.KotlinDslScriptsModelSerializationService: loaded 2 times (x 81B)
Class org.objectweb.asm.SymbolTable$Entry                                             : loaded 2 times (x 74B)
Class com.google.common.util.concurrent.AbstractFuture$AtomicHelper                   : loaded 2 times (x 78B)
Class org.jetbrains.kotlin.idea.gradleTooling.KotlinGradleModel                       : loaded 2 times (x 70B)
Class org.jetbrains.plugins.gradle.tooling.serialization.ExternalTestsSerializationService$WriteContext: loaded 2 times (x 72B)
Class org.objectweb.asm.Edge                                                          : loaded 2 times (x 72B)
Class com.google.common.base.Suppliers$SupplierOfInstance                             : loaded 2 times (x 79B)
Class com.google.common.collect.Iterators$1                                           : loaded 2 times (x 81B)
Class org.gradle.tooling.model.Model                                                  : loaded 2 times (x 70B)
Class com.google.common.cache.LocalCache$ComputingValueReference                      : loaded 2 times (x 96B)
Class com.google.common.collect.SingletonImmutableSet                                 : loaded 2 times (x 146B)
Class com.google.common.collect.ImmutableMap$IteratorBasedImmutableMap                : loaded 2 times (x 125B)
Class kotlin.UninitializedPropertyAccessException                                     : loaded 2 times (x 82B)
Class com.google.common.cache.LocalCache$Segment                                      : loaded 2 times (x 154B)
Class org.jetbrains.plugins.gradle.model.IntelliJProjectSettings                      : loaded 2 times (x 70B)
Class org.gradle.tooling.internal.adapter.ProtocolToModelAdapter$MethodInvocationCache: loaded 2 times (x 73B)
Class [Lorg.objectweb.asm.SymbolTable$Entry;                                          : loaded 2 times (x 69B)
Class com.google.common.cache.CacheLoader                                             : loaded 2 times (x 74B)
Class org.gradle.internal.classloader.FilteringClassLoader                            : loaded 2 times (x 105B)
Class com.google.common.collect.ImmutableBiMap                                        : loaded 2 times (x 143B)
Class com.google.common.collect.AbstractListMultimap                                  : loaded 2 times (x 172B)
Class com.intellij.util.containers.IntObjectHashMap                                   : loaded 2 times (x 72B)
Class org.gradle.internal.installation.GradleInstallation$1                           : loaded 2 times (x 75B)
Class org.gradle.api.internal.classpath.ModuleRegistry                                : loaded 2 times (x 70B)
Class com.google.common.util.concurrent.internal.InternalFutureFailureAccess          : loaded 2 times (x 72B)
Class com.google.common.collect.Iterators$5                                           : loaded 2 times (x 82B)
Class com.google.common.collect.ImmutableSet$JdkBackedSetBuilderImpl                  : loaded 2 times (x 76B)
Class com.google.common.base.Splitter$SplittingIterator                               : loaded 2 times (x 84B)
Class org.jetbrains.plugins.gradle.model.VersionCatalogsModel                         : loaded 2 times (x 70B)
Class com.intellij.gradle.toolingExtension.impl.model.sourceSetDependencyModel.GradleSourceSetDependencySerialisationService$SourceSetDependencyModelReadContext: loaded 2 times (x 72B)
Class com.intellij.gradle.toolingExtension.impl.model.dependencyModel.DependencyReadContext: loaded 2 times (x 72B)
Class org.gradle.tooling.internal.adapter.ObjectGraphAdapter                          : loaded 2 times (x 70B)
Class com.google.common.util.concurrent.AbstractFuture$UnsafeAtomicHelper             : loaded 2 times (x 78B)
Class com.google.common.cache.LocalCache$LocalManualCache$1                           : loaded 2 times (x 75B)
Class com.google.common.base.CharMatcher$ForPredicate                                 : loaded 2 times (x 112B)
Class sync_studio_tooling1_2w3zdj4h6mpkp8dvxxvbwub7l                                  : loaded 2 times (x 179B)
Class com.google.common.collect.ImmutableCollection                                   : loaded 2 times (x 125B)
Class com.google.common.base.CharMatcher$AnyOf                                        : loaded 2 times (x 112B)
Class org.gradle.api.internal.classpath.DefaultModuleRegistry                         : loaded 2 times (x 86B)
Class com.google.common.util.concurrent.ListenableFuture                              : loaded 2 times (x 70B)
Class com.google.common.cache.ReferenceEntry                                          : loaded 2 times (x 70B)
Class com.google.common.collect.ImmutableSet$CachingAsList                            : loaded 2 times (x 147B)
Class com.google.common.base.Converter                                                : loaded 2 times (x 90B)
Class com.google.common.collect.Lists                                                 : loaded 2 times (x 71B)
Class com.google.common.base.CharMatcher$Any                                          : loaded 2 times (x 112B)
Class org.jetbrains.plugins.gradle.tooling.serialization.internal.IdeaProjectSerializationService$WriteContext$1: loaded 2 times (x 83B)
Class org.jetbrains.plugins.gradle.model.ExternalProject                              : loaded 2 times (x 70B)
Class com.google.common.util.concurrent.AbstractFuture                                : loaded 2 times (x 106B)
Class com.google.common.base.FunctionalEquivalence                                    : loaded 2 times (x 83B)
Class com.google.common.collect.Iterators$9                                           : loaded 2 times (x 81B)
Class com.google.common.collect.AbstractMapBasedMultimap                              : loaded 2 times (x 139B)
Class com.google.common.collect.ImmutableAsList                                       : loaded 2 times (x 209B)
Class org.jetbrains.plugins.gradle.tooling.serialization.internal.IdeaProjectSerializationService$WriteContext$2: loaded 2 times (x 83B)
Class org.objectweb.asm.RecordComponentVisitor                                        : loaded 2 times (x 77B)
Class com.google.common.cache.CacheLoader$SupplierToCacheLoader                       : loaded 2 times (x 75B)
Class org.jetbrains.plugins.gradle.tooling.serialization.AnnotationProcessingModelSerializationService$ReadContext: loaded 2 times (x 72B)
Class org.jetbrains.plugins.gradle.tooling.serialization.internal.IdeaProjectSerializationService$WriteContext$3: loaded 2 times (x 83B)
Class org.gradle.util.internal.DefaultGradleVersion$Stage                             : loaded 2 times (x 75B)
Class com.google.common.collect.Maps$EntryTransformer                                 : loaded 2 times (x 70B)
Class org.jetbrains.plugins.gradle.tooling.serialization.internal.IdeaProjectSerializationService$WriteContext$4: loaded 2 times (x 83B)
Class com.intellij.gradle.toolingExtension.impl.model.sourceSetDependencyModel.GradleSourceSetDependencySerialisationService$Companion: loaded 2 times (x 71B)
Class org.gradle.internal.time.MonotonicClock                                         : loaded 2 times (x 77B)
Class org.gradle.internal.service.ServiceLookupException                              : loaded 2 times (x 82B)
Class [Lcom.google.common.cache.LocalCache$EntryFactory;                              : loaded 2 times (x 69B)
Class com.google.common.base.CharMatcher$JavaLetter                                   : loaded 2 times (x 111B)
Class org.jetbrains.plugins.gradle.tooling.serialization.internal.IdeaProjectSerializationService$WriteContext$5: loaded 2 times (x 83B)
Class com.intellij.gradle.toolingExtension.impl.model.sourceSetDependencyModel.GradleSourceSetDependencySerialisationService$SourceSetDependencyModelWriteContext: loaded 2 times (x 72B)
Class org.gradle.internal.classloader.ClassLoaderFactory                              : loaded 2 times (x 70B)
Class com.google.common.cache.LocalCache$LocalManualCache                             : loaded 2 times (x 99B)
Class com.google.common.base.CharMatcher$IsNot                                        : loaded 2 times (x 111B)
Class com.google.common.base.CommonPattern                                            : loaded 2 times (x 74B)
Class org.jetbrains.plugins.gradle.tooling.serialization.internal.IdeaProjectSerializationService$WriteContext$6: loaded 2 times (x 83B)
Class org.jetbrains.plugins.gradle.tooling.util.IntObjectMap                          : loaded 2 times (x 73B)
Class org.gradle.internal.service.CachingServiceLocator                               : loaded 2 times (x 82B)
Class com.google.common.math.IntMath                                                  : loaded 2 times (x 71B)
Class org.jetbrains.plugins.gradle.model.RepositoryModels                             : loaded 2 times (x 70B)
Class org.jetbrains.plugins.gradle.tooling.serialization.internal.IdeaProjectSerializationService$WriteContext$7: loaded 2 times (x 83B)
Class org.objectweb.asm.commons.InstructionAdapter                                    : loaded 2 times (x 188B)
Class com.google.common.collect.Iterators$10                                          : loaded 2 times (x 81B)
Class com.google.common.collect.ImmutableMapEntry                                     : loaded 2 times (x 85B)
Class com.google.common.base.CharMatcher$JavaDigit                                    : loaded 2 times (x 111B)
Class org.jetbrains.plugins.gradle.tooling.serialization.internal.IdeaProjectSerializationService$WriteContext$8: loaded 2 times (x 83B)
Class org.gradle.internal.time.TimeSource                                             : loaded 2 times (x 70B)
Class org.gradle.tooling.model.kotlin.dsl.KotlinDslScriptsModel                       : loaded 2 times (x 70B)
Class com.google.common.base.Equivalence                                              : loaded 2 times (x 82B)
Class com.google.common.collect.ImmutableMapEntry$NonTerminalImmutableMapEntry        : loaded 2 times (x 85B)
Class com.google.common.base.Function                                                 : loaded 2 times (x 70B)
Class org.jetbrains.plugins.gradle.tooling.serialization.SerializationService         : loaded 2 times (x 70B)
Class org.gradle.tooling.internal.gradle.GradleBuildIdentity                          : loaded 2 times (x 70B)
Class kotlin.enums.EnumEntries                                                        : loaded 2 times (x 70B)
Class com.google.common.cache.CacheBuilder$OneWeigher                                 : loaded 2 times (x 82B)
Class com.google.common.collect.RegularImmutableList                                  : loaded 2 times (x 212B)
Class org.jetbrains.plugins.gradle.tooling.serialization.internal.adapter.Supplier    : loaded 2 times (x 70B)
Class org.gradle.internal.exceptions.ResolutionProvider                               : loaded 2 times (x 70B)
Class com.google.common.collect.ImmutableBiMapFauxverideShim                          : loaded 2 times (x 120B)
Class org.gradle.tooling.model.ProjectIdentifier                                      : loaded 2 times (x 70B)
Class org.gradle.internal.classloader.ClasspathUtil                                   : loaded 2 times (x 71B)
Class com.google.common.base.Charsets                                                 : loaded 2 times (x 71B)
Class com.google.common.util.concurrent.Uninterruptibles                              : loaded 2 times (x 71B)
Class com.intellij.gradle.toolingExtension.impl.model.sourceSetModel.GradleSourceSetSerialisationService: loaded 2 times (x 77B)
Class com.google.common.collect.Maps                                                  : loaded 2 times (x 71B)
Class com.google.common.base.CharMatcher$JavaUpperCase                                : loaded 2 times (x 111B)
Class ijInit2_pns4gc0rme0vaht6pufxsmpg                                                : loaded 2 times (x 179B)
Class org.gradle.internal.time.TimeSource$1                                           : loaded 2 times (x 77B)
Class kotlin.jvm.internal.DefaultConstructorMarker                                    : loaded 2 times (x 71B)
Class org.gradle.api.specs.Spec                                                       : loaded 2 times (x 70B)
Class [Lcom.google.common.collect.ImmutableEntry;                                     : loaded 2 times (x 69B)
Class com.google.common.cache.LocalCache$LoadingValueReference                        : loaded 2 times (x 96B)
Class com.intellij.gradle.toolingExtension.impl.model.buildScriptClasspathModel.GradleBuildScriptClasspathSerializationService: loaded 2 times (x 77B)
Class kotlin.NotImplementedError                                                      : loaded 2 times (x 82B)
Class com.google.common.base.Platform                                                 : loaded 2 times (x 71B)
Class org.gradle.internal.impldep.gnu.trove.TObjectHashingStrategy                    : loaded 2 times (x 70B)
Class com.intellij.gradle.toolingExtension.impl.model.utilDummyModel.DummyModel       : loaded 2 times (x 70B)
Class org.gradle.internal.time.Clock                                                  : loaded 2 times (x 70B)
Class [Lorg.objectweb.asm.AnnotationWriter;                                           : loaded 2 times (x 69B)
Class com.google.common.primitives.Ints$IntConverter                                  : loaded 2 times (x 90B)
Class com.google.common.collect.Maps$8                                                : loaded 2 times (x 82B)
Class org.jetbrains.plugins.gradle.model.GradleSourceSetDependencyModel               : loaded 2 times (x 70B)
Class org.gradle.tooling.internal.adapter.TypeInspector                               : loaded 2 times (x 73B)
Class org.gradle.tooling.internal.adapter.ProtocolToModelAdapter$NoOpDecoration       : loaded 2 times (x 79B)
Class org.gradle.tooling.model.Element                                                : loaded 2 times (x 70B)
Class kotlin.collections.AbstractList                                                 : loaded 2 times (x 197B)
Class kotlin.collections.AbstractCollection                                           : loaded 2 times (x 117B)
Class com.google.common.collect.Sets$SetView                                          : loaded 2 times (x 138B)
Class com.google.common.cache.LocalCache$StrongValueReference                         : loaded 2 times (x 90B)
Class com.google.common.util.concurrent.AbstractFuture$SynchronizedHelper             : loaded 2 times (x 78B)
Class com.google.common.base.CharMatcher$Invisible                                    : loaded 2 times (x 112B)
Class com.intellij.gradle.toolingExtension.impl.model.taskModel.GradleTaskSerialisationService: loaded 2 times (x 76B)
Class org.objectweb.asm.Type                                                          : loaded 2 times (x 72B)
Class org.jetbrains.plugins.gradle.tooling.util.IntObjectMap$1                        : loaded 2 times (x 77B)
Class org.gradle.internal.impldep.com.google.common.base.Preconditions                : loaded 2 times (x 71B)
Class org.gradle.internal.classloader.VisitableURLClassLoader$InstrumentingVisitableURLClassLoader: loaded 2 times (x 123B)
Class org.objectweb.asm.ByteVector                                                    : loaded 2 times (x 79B)
Class [Lcom.google.common.cache.CacheBuilder$NullListener;                            : loaded 2 times (x 69B)
Class com.google.common.math.IntMath$1                                                : loaded 2 times (x 71B)
Class org.gradle.internal.classloader.VisitableURLClassLoader$Spec                    : loaded 2 times (x 74B)
Class org.gradle.internal.classpath.DefaultClassPath                                  : loaded 2 times (x 90B)
Class org.objectweb.asm.Symbol                                                        : loaded 2 times (x 73B)
Class com.google.common.base.AbstractIterator                                         : loaded 2 times (x 80B)
Class org.jetbrains.plugins.gradle.model.GradleBuildScriptClasspathModel              : loaded 2 times (x 70B)
Class org.gradle.util.internal.DefaultGradleVersion                                   : loaded 2 times (x 80B)
Class com.google.common.collect.RegularImmutableMap$Values                            : loaded 2 times (x 207B)
Class com.google.common.collect.ImmutableSet                                          : loaded 2 times (x 145B)
Class com.google.common.base.CharMatcher$BitSetMatcher                                : loaded 2 times (x 112B)
Class com.google.common.base.CharMatcher$Ascii                                        : loaded 2 times (x 112B)
Class org.gradle.internal.classloader.ClassLoaderSpec                                 : loaded 2 times (x 71B)
Class org.objectweb.asm.AnnotationWriter                                              : loaded 2 times (x 79B)
Class com.google.common.cache.CacheStats                                              : loaded 2 times (x 71B)
Class org.objectweb.asm.RecordComponentWriter                                         : loaded 2 times (x 78B)
Class com.google.common.util.concurrent.AbstractFuture$Listener                       : loaded 2 times (x 72B)
Class com.google.common.base.CharMatcher$Or                                           : loaded 2 times (x 112B)
Class Settings_gradle$1$1                                                             : loaded 2 times (x 74B)
Class kotlin.Unit                                                                     : loaded 2 times (x 71B)
Class org.objectweb.asm.Attribute                                                     : loaded 2 times (x 77B)
Class com.google.common.base.Supplier                                                 : loaded 2 times (x 70B)
Class org.gradle.internal.classloader.VisitableURLClassLoader                         : loaded 2 times (x 117B)
Class com.google.common.util.concurrent.AbstractFuture$Waiter                         : loaded 2 times (x 72B)
Class Settings_gradle                                                                 : loaded 2 times (x 128B)
Class org.jetbrains.plugins.gradle.tooling.serialization.ExternalTestsSerializationService$ReadContext: loaded 2 times (x 72B)
Class org.jetbrains.plugins.gradle.tooling.serialization.internal.IdeaProjectSerializationService$ReadContext: loaded 2 times (x 72B)
Class com.google.common.collect.RegularImmutableMap$KeySet                            : loaded 2 times (x 150B)
Class org.gradle.tooling.model.idea.IdeaDependency                                    : loaded 2 times (x 70B)
Class com.google.common.collect.Sets                                                  : loaded 2 times (x 71B)
Class org.objectweb.asm.Handler                                                       : loaded 2 times (x 72B)
Class com.google.common.base.Ticker                                                   : loaded 2 times (x 72B)
Class com.google.common.base.Strings                                                  : loaded 2 times (x 71B)
Class com.google.common.base.CharMatcher$FastMatcher                                  : loaded 2 times (x 111B)
Class kotlin.jvm.functions.Function1                                                  : loaded 2 times (x 70B)
Class org.gradle.internal.agents.InstrumentingClassLoader                             : loaded 2 times (x 70B)
Class [Lcom.google.common.cache.LocalCache$Segment;                                   : loaded 2 times (x 69B)
Class [Lcom.google.common.cache.LocalCache$Strength;                                  : loaded 2 times (x 69B)
Class com.google.common.cache.CacheBuilder$1                                          : loaded 2 times (x 85B)
Class com.google.common.collect.ImmutableMap                                          : loaded 2 times (x 120B)
Class com.google.common.base.Predicate                                                : loaded 2 times (x 70B)
Class org.jetbrains.plugins.gradle.tooling.serialization.internal.IdeaProjectSerializationService$WriteContext: loaded 2 times (x 72B)
Class com.intellij.gradle.toolingExtension.impl.model.sourceSetDependencyModel.GradleSourceSetDependencySerialisationService: loaded 2 times (x 77B)
Class org.jetbrains.plugins.gradle.model.GradleSourceSetModel                         : loaded 2 times (x 70B)
Class org.gradle.internal.classpath.DefaultClassPath$ImmutableUniqueList$Builder      : loaded 2 times (x 75B)
Class com.google.common.cache.LocalCache                                              : loaded 2 times (x 187B)
Class com.google.common.cache.CacheBuilder$2                                          : loaded 2 times (x 72B)
Class com.google.common.base.CharMatcher$NegatedFastMatcher                           : loaded 2 times (x 113B)
Class [Lcom.google.common.collect.AbstractMapEntry;                                   : loaded 2 times (x 69B)
Class com.google.common.collect.ImmutableEntry                                        : loaded 2 times (x 82B)
Class com.google.common.collect.ArrayListMultimap                                     : loaded 2 times (x 172B)
Class com.google.common.base.AbstractIterator$1                                       : loaded 2 times (x 71B)
Class com.google.common.base.CharMatcher$Digit                                        : loaded 2 times (x 112B)
Class org.jetbrains.plugins.gradle.tooling.util.ObjectCollector$Processor             : loaded 2 times (x 70B)
Class com.google.common.base.Equivalence$Identity                                     : loaded 2 times (x 82B)
Class org.gradle.internal.exceptions.NonGradleCauseExceptionsHolder                   : loaded 2 times (x 70B)
Class org.gradle.tooling.model.idea.IdeaModuleDependency                              : loaded 2 times (x 70B)
Class org.gradle.tooling.internal.adapter.ViewBuilder                                 : loaded 2 times (x 70B)
Class com.google.common.collect.ForwardingMap                                         : loaded 2 times (x 132B)
Class com.google.common.collect.CollectPreconditions                                  : loaded 2 times (x 71B)
Class com.google.common.base.CharMatcher$JavaIsoControl                               : loaded 2 times (x 112B)
Class org.jetbrains.plugins.gradle.model.AnnotationProcessingConfig                   : loaded 2 times (x 70B)
Class com.google.common.collect.SortedMapDifference                                   : loaded 2 times (x 70B)
Class com.google.common.base.CharMatcher$JavaLowerCase                                : loaded 2 times (x 111B)
Class org.jetbrains.plugins.gradle.tooling.ModelBuilderService$Parameter              : loaded 2 times (x 70B)
Class com.google.common.cache.LocalCache$EntryFactory                                 : loaded 2 times (x 83B)
Class org.gradle.internal.impldep.gnu.trove.TObjectIntProcedure                       : loaded 2 times (x 70B)
Class org.gradle.tooling.internal.adapter.ProtocolToModelAdapter$ReflectionMethodInvoker: loaded 2 times (x 76B)
Class com.google.common.cache.LocalCache$AbstractReferenceEntry                       : loaded 2 times (x 107B)
Class com.google.common.base.Splitter$1$1                                             : loaded 2 times (x 86B)
Class com.google.common.base.CharMatcher$Whitespace                                   : loaded 2 times (x 112B)
Class com.google.common.collect.Iterators$4                                           : loaded 2 times (x 82B)
Class kotlin.enums.EnumEntriesKt                                                      : loaded 2 times (x 71B)
Class org.objectweb.asm.SymbolTable                                                   : loaded 2 times (x 72B)
Class com.google.common.cache.CacheLoader$InvalidCacheLoadException                   : loaded 2 times (x 82B)
Class com.google.common.collect.ImmutableSet$RegularSetBuilderImpl                    : loaded 2 times (x 77B)
Class com.google.common.base.CharMatcher$SingleWidth                                  : loaded 2 times (x 112B)
Class com.intellij.gradle.toolingExtension.model.repositoryModel.ProjectRepositoriesModel: loaded 2 times (x 70B)
Class org.jetbrains.plugins.gradle.model.GradleProperty                               : loaded 2 times (x 70B)
Class org.gradle.internal.classloader.SystemClassLoaderSpec                           : loaded 2 times (x 71B)
Class com.google.common.cache.LocalCache$StrongEntry                                  : loaded 2 times (x 108B)
Class com.google.common.util.concurrent.AbstractFuture$TrustedFuture                  : loaded 2 times (x 114B)
Class com.google.common.cache.LoadingCache                                            : loaded 2 times (x 70B)
Class org.gradle.internal.exceptions.MultiCauseException                              : loaded 2 times (x 70B)
Class org.gradle.internal.time.CountdownTimer                                         : loaded 2 times (x 70B)
Class kotlin.jvm.internal.Intrinsics                                                  : loaded 2 times (x 71B)
Class org.objectweb.asm.MethodWriter                                                  : loaded 2 times (x 106B)
Class [Lcom.google.common.cache.Weigher;                                              : loaded 2 times (x 69B)
Class com.google.common.collect.RegularImmutableMap$BucketOverflowException           : loaded 2 times (x 82B)
Class com.intellij.gradle.toolingExtension.impl.model.projectModel.GradleExternalProjectSerializationService$ReadContext: loaded 2 times (x 73B)
Class com.intellij.gradle.toolingExtension.impl.model.dependencyModel.DependencyWriteContext: loaded 2 times (x 72B)
Class org.gradle.tooling.model.ProjectModel                                           : loaded 2 times (x 70B)
Class kotlin.KotlinNullPointerException                                               : loaded 2 times (x 83B)
Class com.google.common.collect.RegularImmutableBiMap                                 : loaded 2 times (x 148B)
Class com.google.common.cache.LocalCache$ValueReference                               : loaded 2 times (x 70B)
Class com.google.common.base.CharMatcher$Negated                                      : loaded 2 times (x 113B)
Class com.google.common.base.CharMatcher$Is                                           : loaded 2 times (x 111B)
Class org.jetbrains.plugins.gradle.model.tests.ExternalTestsModel                     : loaded 2 times (x 70B)
Class org.gradle.internal.exceptions.DefaultMultiCauseException                       : loaded 2 times (x 95B)
Class com.google.common.util.concurrent.AbstractFuture$Failure                        : loaded 2 times (x 72B)
Class com.google.common.base.Equivalence$Equals                                       : loaded 2 times (x 82B)
Class com.google.common.collect.Hashing                                               : loaded 2 times (x 71B)
Class com.google.common.base.PatternCompiler                                          : loaded 2 times (x 70B)
Class com.google.common.base.Preconditions                                            : loaded 2 times (x 71B)
Class com.intellij.gradle.toolingExtension.impl.model.projectModel.GradleExternalProjectSerializationService: loaded 2 times (x 77B)
Class org.gradle.tooling.model.HierarchicalElement                                    : loaded 2 times (x 70B)
Class com.google.common.base.Joiner$1                                                 : loaded 2 times (x 80B)
Class org.objectweb.asm.Label                                                         : loaded 2 times (x 73B)
Class org.objectweb.asm.CurrentFrame                                                  : loaded 2 times (x 73B)
Class org.objectweb.asm.ClassTooLargeException                                        : loaded 2 times (x 83B)
Class com.google.common.collect.PeekingIterator                                       : loaded 2 times (x 70B)
Class com.google.common.base.CharMatcher                                              : loaded 2 times (x 111B)
Class org.jetbrains.plugins.gradle.tooling.serialization.ExternalTestsSerializationService: loaded 2 times (x 77B)
Class org.gradle.internal.time.Time                                                   : loaded 2 times (x 71B)
Class com.google.common.base.Joiner$2                                                 : loaded 2 times (x 79B)
Class org.objectweb.asm.Frame                                                         : loaded 2 times (x 73B)
Class org.objectweb.asm.MethodVisitor                                                 : loaded 2 times (x 105B)
Class com.google.common.cache.LocalCache$EntryFactory$1                               : loaded 2 times (x 83B)
Class [Lcom.google.common.cache.RemovalListener;                                      : loaded 2 times (x 69B)
Class com.google.common.base.CharMatcher$1                                            : loaded 2 times (x 113B)
Class com.google.common.base.CharMatcher$NamedFastMatcher                             : loaded 2 times (x 112B)
Class org.jetbrains.plugins.gradle.tooling.serialization.AnnotationProcessingModelSerializationService: loaded 2 times (x 77B)
Class com.google.common.cache.LocalCache$EntryFactory$2                               : loaded 2 times (x 83B)
Class org.jetbrains.plugins.gradle.model.DependencyAccessorsModel                     : loaded 2 times (x 70B)
Class [Lcom.intellij.openapi.externalSystem.model.project.dependencies.ResolutionState;: loaded 2 times (x 69B)
Class org.gradle.internal.impldep.gnu.trove.TObjectHash                               : loaded 2 times (x 94B)
Class org.objectweb.asm.ModuleWriter                                                  : loaded 2 times (x 82B)
Class com.google.common.cache.LocalCache$EntryFactory$3                               : loaded 2 times (x 83B)
Class com.google.common.base.Ticker$1                                                 : loaded 2 times (x 72B)
Class com.google.common.collect.ImmutableMapEntrySet$RegularEntrySet                  : loaded 2 times (x 151B)
Class com.google.common.collect.Maps$BiMapConverter                                   : loaded 2 times (x 90B)
Class org.jetbrains.kotlin.idea.gradleTooling.KotlinMPPGradleModel                    : loaded 2 times (x 70B)
Class org.gradle.tooling.model.BuildIdentifier                                        : loaded 2 times (x 70B)
Class com.google.common.cache.LocalCache$EntryFactory$4                               : loaded 2 times (x 83B)
Class com.google.common.collect.ImmutableSet$Builder                                  : loaded 2 times (x 85B)
Class com.google.common.base.CharMatcher$InRange                                      : loaded 2 times (x 111B)
Class org.jetbrains.kotlin.idea.gradleTooling.PrepareKotlinIdeImportTaskModel         : loaded 2 times (x 70B)
Class com.google.common.cache.LocalCache$EntryFactory$5                               : loaded 2 times (x 83B)
Class com.google.common.base.PairwiseEquivalence                                      : loaded 2 times (x 83B)
Class com.google.common.cache.LocalCache$EntryFactory$6                               : loaded 2 times (x 83B)
Class org.gradle.internal.time.Timer                                                  : loaded 2 times (x 70B)
Class kotlin.jvm.internal.markers.KMappedMarker                                       : loaded 2 times (x 70B)
Class org.gradle.internal.installation.CurrentGradleInstallationLocator               : loaded 2 times (x 71B)
Class com.google.common.cache.LocalCache$EntryFactory$7                               : loaded 2 times (x 83B)
Class com.google.common.collect.ImmutableSet$EmptySetBuilderImpl                      : loaded 2 times (x 76B)
Class com.google.common.collect.ImmutableList                                         : loaded 2 times (x 206B)
Class org.gradle.tooling.model.idea.IdeaProject                                       : loaded 2 times (x 70B)
Class org.gradle.tooling.model.DomainObjectSet                                        : loaded 2 times (x 70B)
Class org.gradle.internal.service.DefaultServiceLocator                               : loaded 2 times (x 83B)
Class com.google.common.cache.LocalCache$EntryFactory$8                               : loaded 2 times (x 83B)
Class com.google.common.collect.ImmutableSet$SetBuilderImpl                           : loaded 2 times (x 76B)
Class org.gradle.util.GradleVersion                                                   : loaded 2 times (x 79B)
Class org.gradle.internal.installation.CurrentGradleInstallation                      : loaded 2 times (x 73B)
Class com.google.common.cache.CacheLoader$1                                           : loaded 2 times (x 75B)
Class com.google.common.collect.ForwardingObject                                      : loaded 2 times (x 72B)
Class com.google.common.collect.ImmutableList$SubList                                 : loaded 2 times (x 208B)
Class org.jetbrains.plugins.gradle.javaModel.JavaGradleManifestModel                  : loaded 2 times (x 70B)
Class org.jetbrains.plugins.gradle.tooling.serialization.GradleExtensionsSerializationService$WriteContext: loaded 2 times (x 72B)
Class com.intellij.gradle.toolingExtension.impl.model.taskModel.GradleTaskSerialisationService$Companion: loaded 2 times (x 71B)
Class org.gradle.util.internal.GUtil                                                  : loaded 2 times (x 71B)
Class com.google.common.util.concurrent.AbstractFuture$SetFuture                      : loaded 2 times (x 75B)
Class com.google.common.cache.AbstractCache$StatsCounter                              : loaded 2 times (x 70B)
Class com.intellij.gradle.toolingExtension.impl.model.utilTurnOffDefaultTasksModel.TurnOffDefaultTasks: loaded 2 times (x 70B)
Class com.intellij.gradle.toolingExtension.impl.model.sourceSetModel.GradleSourceSetSerialisationService$SourceSetModelReadContext: loaded 2 times (x 72B)
Class com.google.common.collect.Iterators$MergingIterator                             : loaded 2 times (x 81B)
Class com.google.common.collect.RegularImmutableSet                                   : loaded 2 times (x 148B)
Class com.intellij.gradle.toolingExtension.impl.model.sourceSetModel.GradleSourceSetSerialisationService$SourceSetModelWriteContext: loaded 2 times (x 72B)
Class org.gradle.tooling.internal.adapter.ProtocolToModelAdapter$1                    : loaded 2 times (x 75B)
Class org.gradle.tooling.internal.adapter.ProtocolToModelAdapter$ViewDecoration       : loaded 2 times (x 70B)
Class org.gradle.internal.installation.GradleInstallation                             : loaded 2 times (x 75B)
Class com.google.common.collect.Iterables                                             : loaded 2 times (x 71B)
Class com.google.common.base.Splitter$Strategy                                        : loaded 2 times (x 70B)
Class org.jetbrains.plugins.gradle.tooling.serialization.GradleExtensionsSerializationService$ReadContext: loaded 2 times (x 72B)
Class org.gradle.tooling.internal.adapter.MethodInvoker                               : loaded 2 times (x 70B)
Class org.jetbrains.plugins.gradle.tooling.serialization.RepositoriesModelSerializationService$WriteContext: loaded 2 times (x 72B)

---------------  S Y S T E M  ---------------

OS:
 Windows 11 , 64 bit Build 26100 (10.0.26100.8521)
OS uptime: 1 days 8:34 hours

CPU: total 12 (initial active 12) (12 cores per cpu, 1 threads per core) family 6 model 186 stepping 2 microcode 0x5105, cx8, cmov, fxsr, mmx, 3dnowpref, sse, sse2, sse3, ssse3, sse4.1, sse4.2, popcnt, lzcnt, tsc, tscinvbit, avx, avx2, aes, erms, clmul, bmi1, bmi2, adx, sha, fma, vzeroupper, clflush, clflushopt, clwb, serialize, rdtscp, rdpid, fsrm, f16c, pku, cet_ibt, cet_ss
Processor Information for the first 12 processors :
  Max Mhz: 2100, Current Mhz: 2100, Mhz Limit: 2100

Memory: 4k page, system-wide physical 4863M (665M free)
TotalPageFile size 19711M (AvailPageFile size 4M)
current process WorkingSet (physical memory assigned to process): 349M, peak: 349M
current process commit charge ("private bytes"): 536M, peak: 537M

vm_info: OpenJDK 64-Bit Server VM (21.0.8+-14196175-b1038.72) for windows-amd64 JRE (21.0.8+-14196175-b1038.72), built on 2025-10-01T10:24:33Z by "builder" with MS VC++ 16.10 / 16.11 (VS2019)

END.
